Return,Order,Returned at,Lineitem name,Quantity,Status
R5003,#E1024,2025-10-08,Half Zip - Large / Red,2,restocked
R5001,#E1016,2025-10-10,Sweatpants - Medium / Red,1,restocked
R5011,#E1115,2025-10-11,Canvas Sneakers - 10 / Ocean,2,restocked
R5025,#E1181,2025-10-11,Half Zip - Large / Red,2,restocked
R5007,#E1047,2025-10-12,Men's T-shirt - Small / Ocean,1,restocked
R5010,#E1096,2025-10-12,Soft Cotton Hoodie in Violet - Purple / Medium,1,restocked
R5006,#E1042,2025-10-13,Men's Crewneck - Large / Ocean,1,restocked
R5012,#E1123,2025-10-13,Men's T-shirt - Small / Green,1,restocked
R5015,#E1143,2025-10-13,Sweatpants - Medium / Purple,1,restocked
R5036,#E1296,2025-10-14,White Leather Sneakers - 6,1,restocked
R5002,#E1019,2025-10-15,Men's T-shirt - Medium / Ocean,1,restocked
R5005,#E1042,2025-10-15,Hoodie - Medium / Olive,1,restocked
R5008,#E1071,2025-10-15,Men's T-shirt - Small / Ocean,2,restocked
R5009,#E1082,2025-10-15,Men's T-shirt - Medium / Purple,2,restocked
R5013,#E1127,2025-10-15,Canvas Sneakers - 10 / Green,1,restocked
R5023,#E1176,2025-10-16,Sweatpants - Medium / Green,1,restocked
R5032,#E1286,2025-10-16,Puffer - Large / Ocean,1,restocked
R5042,#E1346,2025-10-16,Canvas Sneakers - 11 / Olive,1,restocked
R5019,#E1164,2025-10-17,Canvas Sneakers - 8 / Olive,1,restocked
R5034,#E1291,2025-10-17,High Top Sneakers - 9,1,restocked
R5035,#E1293,2025-10-17,Women's Crewneck - Small / Olive,1,restocked
R5016,#E1144,2025-10-18,Soft Cotton Hoodie in Green - Green / X-Large,1,restocked
R5022,#E1170,2025-10-18,Hoodie - Red / Small,1,restocked
R5031,#E1275,2025-10-18,Soft Cotton Hoodie in Ocean - Ocean / Small,1,restocked
R5004,#E1041,2025-10-19,Women's Crewneck - Small / Olive,1,restocked
R5038,#E1301,2025-10-19,Canvas Sneakers - 7 / Green,1,restocked
R5054,#E1430,2025-10-19,Soft Cotton Hoodie in Ocean - Ocean / Medium,1,restocked
R5040,#E1318,2025-10-20,Puffer Jacket - Small / Olive,1,restocked
R5062,#E1485,2025-10-20,Women's Crewneck - Large / Red,1,restocked
R5018,#E1153,2025-10-21,Women's Crewneck - Medium / Green,1,restocked
R5024,#E1177,2025-10-21,Hoodie - Purple / Small,1,restocked
R5048,#E1385,2025-10-21,Puffer - Small / Ocean,1,restocked
R5014,#E1140,2025-10-22,Puffer Jacket - Medium / Ocean,1,restocked
R5033,#E1287,2025-10-22,Soft Cotton Hoodie in Ocean - Ocean / Small,1,restocked
R5041,#E1326,2025-10-22,Sweatpants - Small / Ocean,1,restocked
R5047,#E1385,2025-10-22,Hoodie - Small / Olive,1,restocked
R5061,#E1484,2025-10-22,Women's Crewneck - Large / Red,1,restocked
R5017,#E1150,2025-10-23,Men's T-shirt - X-Large / Purple,1,restocked
R5021,#E1169,2025-10-23,Leggings - Small / Olive,1,restocked
R5026,#E1194,2025-10-23,Men's Crewneck - Small / Ocean,1,restocked
R5029,#E1254,2025-10-23,Soft Cotton Hoodie in Green - Green / Large,1,restocked
R5044,#E1361,2025-10-23,Men's T-shirt - X-Large / Ocean,1,restocked
R5046,#E1371,2025-10-23,Puffer - Large / Green,1,restocked
R5052,#E1415,2025-10-23,Soft Cotton Hoodie in Ocean - Ocean / Large,1,restocked
R5020,#E1168,2025-10-24,Women's Crewneck - Large / Ocean,1,restocked
R5037,#E1297,2025-10-24,Soft Cotton Hoodie in Jam - Red / X-Large,1,restocked
R5055,#E1432,2025-10-24,Sweatpants - Large / Ocean,1,restocked
R5080,#E1665,2025-10-24,Men's Crewneck - Large / Ocean,1,restocked
R5086,#E1698,2025-10-24,Gray Runners - 4,1,restocked
R5027,#E1244,2025-10-25,Half Zip - Large / Ocean,1,restocked
R5028,#E1253,2025-10-25,Hoodie - Large / Red,1,restocked
R5045,#E1368,2025-10-25,Women's Crewneck - Large / Purple,1,restocked
R5053,#E1428,2025-10-25,Canvas Sneakers - 6 / Red,1,restocked
R5059,#E1472,2025-10-25,Soft Cotton Hoodie in Clay - Clay / Medium,1,restocked
R5030,#E1272,2025-10-26,Women's Crewneck - Medium / Green,1,restocked
R5039,#E1302,2025-10-26,Canvas Sneakers - 11 / Green,1,restocked
R5066,#E1511,2025-10-26,Hoodie - Ocean / Medium,1,restocked
R5067,#E1525,2025-10-26,Hoodie - Medium / Ocean,1,restocked
R5071,#E1558,2025-10-26,Hoodie - Medium / Purple,1,restocked
R5074,#E1582,2025-10-26,Hoodie - Medium / Olive,1,restocked
R5075,#E1584,2025-10-26,Women's Crewneck - Medium / Green,1,restocked
R5077,#E1657,2025-10-26,Hoodie - Large / Green,2,restocked
R5093,#E1756,2025-10-26,Hoodie - Large / Purple,1,restocked
R5051,#E1407,2025-10-27,Canvas Sneakers - 9 / Green,1,restocked
R5058,#E1445,2025-10-27,White Leather Sneakers - 6,1,restocked
R5060,#E1484,2025-10-27,Men's T-shirt - Medium / Green,1,restocked
R5068,#E1533,2025-10-27,Women's Crewneck - Medium / Ocean,1,restocked
R5069,#E1534,2025-10-27,Hoodie - X-Large / Olive,1,restocked
R5073,#E1580,2025-10-27,Women's Crewneck - Medium / Ocean,1,restocked
R5078,#E1658,2025-10-27,Men's Crewneck - Medium / Green,1,restocked
R5099,#E1789,2025-10-27,Gray Leather Sneakers - 5,1,restocked
R5102,#E1799,2025-10-27,Half Zip - Large / Green,1,restocked
R5106,#E1819,2025-10-27,Canvas Sneakers - 9 / Ocean,1,restocked
R5056,#E1438,2025-10-28,Men's Crewneck - Small / Ocean,1,restocked
R5070,#E1557,2025-10-28,Puffer - Medium / Green,2,restocked
R5076,#E1639,2025-10-28,Men's Crewneck - Medium / Ocean,1,restocked
R5090,#E1709,2025-10-28,Hoodie - Green / Large,1,restocked
R5110,#E1835,2025-10-28,Men's Crewneck - Large / Ocean,1,restocked
R5064,#E1492,2025-10-29,Men's T-shirt - Medium / Green,1,restocked
R5087,#E1699,2025-10-29,Hoodie - X-Large / Olive,1,restocked
R5043,#E1359,2025-10-30,Women's Crewneck - Medium / Ocean,1,restocked
R5049,#E1393,2025-10-30,Hoodie - Medium / Red,1,restocked
R5085,#E1690,2025-10-30,Men's Crewneck - Large / Ocean,1,restocked
R5091,#E1752,2025-10-30,High Top Sneakers - 6,1,restocked
R5103,#E1805,2025-10-30,Frontpack - Olive,2,restocked
R5050,#E1404,2025-10-31,Men's T-shirt - Small / Olive,1,restocked
R5057,#E1441,2025-10-31,Men's T-shirt - X-Large / Olive,1,restocked
R5094,#E1761,2025-10-31,Puffer - Large / Ocean,1,restocked
R5096,#E1767,2025-10-31,Soft Cotton Hoodie in Ocean - Ocean / Large,1,restocked
R5111,#E1845,2025-10-31,Soft Cotton Hoodie in Green - Green / X-Large,1,restocked
R5122,#E1912,2025-10-31,White Leather Sneakers - 5,1,restocked
R5124,#E1923,2025-10-31,Hoodie - Large / Red,1,restocked
R5129,#E1936,2025-10-31,Soft Cotton Hoodie in Violet - Purple / Large,1,restocked
R5131,#E1940,2025-10-31,Men's T-shirt - X-Large / Purple,2,restocked
R5135,#E1969,2025-10-31,Frontpack - Green,2,restocked
R5139,#E1977,2025-10-31,Men's T-shirt - X-Large / Green,1,restocked
R5063,#E1486,2025-11-01,Men's Crewneck - Large / Green,1,restocked
R5072,#E1576,2025-11-01,Men's Crewneck - Large / Olive,2,restocked
R5084,#E1686,2025-11-01,Soft Cotton Hoodie in Jam - Red / Medium,1,restocked
R5105,#E1808,2025-11-01,Women's Crewneck - Medium / Olive,1,restocked
R5112,#E1850,2025-11-01,Women's Crewneck - Large / Red,1,restocked
R5115,#E1866,2025-11-01,Men's T-shirt - Large / Ocean,1,restocked
R5117,#E1888,2025-11-01,Men's Crewneck - Medium / Ocean,1,restocked
R5127,#E1933,2025-11-01,Hoodie - Medium / Red,1,restocked
R5128,#E1935,2025-11-01,Puffer Jacket - Medium / Purple,1,restocked
R5140,#E1984,2025-11-01,Half Zip - Large / Green,1,restocked
R5148,#E2015,2025-11-01,Gray Runners - 12,1,restocked
R5149,#E2031,2025-11-01,Hoodie - Green / X-Large,1,restocked
R5065,#E1510,2025-11-02,Leggings - Large / Green,1,restocked
R5082,#E1681,2025-11-02,Half Zip - Small / Ocean,1,restocked
R5100,#E1791,2025-11-02,Hoodie - Small / Green,1,restocked
R5104,#E1808,2025-11-02,Sweatpants - Large / Red,1,restocked
R5138,#E1976,2025-11-02,Men's Crewneck - Large / Olive,2,restocked
R5145,#E2002,2025-11-02,Women's Crewneck - Large / Ocean,1,restocked
R5081,#E1667,2025-11-03,Men's T-shirt - Small / Olive,1,restocked
R5113,#E1852,2025-11-03,Hoodie - Medium / Olive,1,restocked
R5116,#E1885,2025-11-03,Puffer Jacket - Large / Olive,2,restocked
R5133,#E1955,2025-11-03,Sweatpants - Large / Ocean,1,restocked
R5136,#E1970,2025-11-03,Soft Cotton Hoodie in Ocean - Ocean / Medium,2,restocked
R5155,#E2074,2025-11-03,Puffer Jacket - Small / Olive,1,restocked
R5158,#E2105,2025-11-03,Men's T-shirt - Medium / Red,1,restocked
R5083,#E1686,2025-11-04,Soft Cotton Hoodie in Ocean - Ocean / Medium,1,restocked
R5088,#E1701,2025-11-04,Men's Crewneck - Large / Green,1,restocked
R5095,#E1767,2025-11-04,Hoodie - X-Large / Ocean,1,restocked
R5123,#E1915,2025-11-04,Puffer Jacket - Small / Olive,1,restocked
R5144,#E2002,2025-11-04,Men's Crewneck - Large / Olive,1,restocked
R5079,#E1664,2025-11-05,Sweatpants - Medium / Purple,1,restocked
R5121,#E1911,2025-11-05,Hoodie - Clay / Small,1,restocked
R5154,#E2057,2025-11-05,Soft Cotton Hoodie in Violet - Purple / Small,1,restocked
R5166,#E2162,2025-11-05,Half Zip - Small / Olive,1,restocked
R5169,#E2170,2025-11-05,Soft Cotton Hoodie in Jam - Red / Small,1,restocked
R5108,#E1825,2025-11-06,Hoodie - Clay / Large,1,restocked
R5114,#E1853,2025-11-06,Hoodie - Small / Olive,1,restocked
R5118,#E1891,2025-11-06,Leggings - Medium / Red,2,restocked
R5142,#E1992,2025-11-06,Hoodie - Medium / Olive,1,restocked
R5143,#E1998,2025-11-06,Hoodie - Green / Medium,1,restocked
R5162,#E2127,2025-11-06,Hoodie - Ocean / Small,1,restocked
R5089,#E1701,2025-11-07,Hoodie - Red / Small,1,restocked
R5164,#E2150,2025-11-07,Sweatpants - Medium / Olive,1,restocked
R5178,#E2223,2025-11-07,Women's Crewneck - Medium / Green,1,restocked
R5092,#E1753,2025-11-08,Soft Cotton Hoodie in Jam - Red / Small,1,restocked
R5097,#E1781,2025-11-08,Women's Crewneck - Large / Green,1,restocked
R5119,#E1901,2025-11-08,Hoodie - Medium / Red,2,restocked
R5137,#E1972,2025-11-08,Sweatpants - Medium / Ocean,1,restocked
R5147,#E2015,2025-11-08,Leggings - Large / Purple,1,restocked
R5168,#E2169,2025-11-08,Men's T-shirt - Large / Green,1,restocked
R5193,#E2334,2025-11-08,Women's Crewneck - Medium / Red,1,restocked
R5098,#E1787,2025-11-09,Women's Crewneck - Medium / Olive,1,restocked
R5101,#E1795,2025-11-09,Women's Crewneck - Medium / Red,2,restocked
R5120,#E1909,2025-11-09,Puffer - Small / Purple,1,restocked
R5132,#E1943,2025-11-09,Men's T-shirt - X-Large / Green,1,restocked
R5107,#E1822,2025-11-10,Hoodie - Clay / Small,1,restocked
R5109,#E1827,2025-11-10,Canvas Sneakers - 9 / Purple,1,restocked
R5153,#E2049,2025-11-10,Canvas Sneakers - 12 / Green,1,restocked
R5176,#E2192,2025-11-10,Men's T-shirt - Large / Ocean,2,restocked
R5189,#E2307,2025-11-10,Half Zip - Large / Olive,1,restocked
R5190,#E2308,2025-11-10,Beanie - Ocean,1,restocked
R5200,#E2376,2025-11-10,Men's Crewneck - Large / Red,1,restocked
R5211,#E2429,2025-11-10,Beanie - Olive,2,restocked
R5126,#E1926,2025-11-11,Puffer Jacket - Medium / Olive,1,restocked
R5134,#E1957,2025-11-11,Hoodie - Purple / Medium,1,restocked
R5150,#E2033,2025-11-11,Puffer - Large / Ocean,1,restocked
R5157,#E2100,2025-11-11,Men's Crewneck - Large / Olive,1,restocked
R5161,#E2122,2025-11-11,Leggings - Small / Green,1,restocked
R5167,#E2168,2025-11-11,Sweatpants - Medium / Red,1,restocked
R5195,#E2346,2025-11-11,Soft Cotton Hoodie in Clay - Clay / X-Large,2,restocked
R5196,#E2348,2025-11-11,Canvas Sneakers - 12 / Ocean,1,restocked
R5209,#E2419,2025-11-11,Puffer Jacket - Medium / Ocean,1,restocked
R5212,#E2440,2025-11-11,Beanie - Ocean,2,restocked
R5152,#E2039,2025-11-12,Hoodie - Medium / Olive,1,restocked
R5159,#E2111,2025-11-12,Hoodie - Red / Small,1,restocked
R5165,#E2155,2025-11-12,Men's T-shirt - X-Large / Red,1,restocked
R5170,#E2177,2025-11-12,Soft Cotton Hoodie in Violet - Purple / Large,1,restocked
R5179,#E2235,2025-11-12,Hoodie - Large / Red,1,restocked
R5224,#E2510,2025-11-12,Soft Cotton Hoodie in Clay - Clay / Medium,1,restocked
R5125,#E1925,2025-11-13,Leggings - Large / Purple,1,restocked
R5130,#E1937,2025-11-13,Women's Crewneck - Medium / Red,1,restocked
R5175,#E2192,2025-11-13,Half Zip - Small / Red,1,restocked
R5181,#E2247,2025-11-13,Women's Crewneck - Small / Ocean,1,restocked
R5192,#E2324,2025-11-13,White Leather Sneakers - 6,1,restocked
R5199,#E2374,2025-11-13,Men's Crewneck - Small / Olive,1,restocked
R5141,#E1986,2025-11-14,Puffer - Medium / Red,1,restocked
R5146,#E2008,2025-11-14,Hoodie - Small / Green,1,restocked
R5160,#E2117,2025-11-14,Soft Cotton Hoodie in Violet - Purple / Large,1,restocked
R5242,#E2631,2025-11-14,Soft Cotton Hoodie in Jam - Red / Small,2,restocked
R5245,#E2652,2025-11-14,Sweatpants - Small / Red,1,restocked
R5252,#E2685,2025-11-14,Hoodie - Medium / Olive,1,restocked
R5254,#E2702,2025-11-14,Hoodie - Medium / Olive,1,restocked
R5151,#E2034,2025-11-15,Canvas Sneakers - 7 / Ocean,1,restocked
R5172,#E2187,2025-11-15,Puffer - Large / Green,1,restocked
R5173,#E2189,2025-11-15,Gray Runners - 10,1,restocked
R5177,#E2214,2025-11-15,Hoodie - Large / Red,1,restocked
R5185,#E2289,2025-11-15,Soft Cotton Hoodie in Violet - Purple / Small,2,restocked
R5186,#E2299,2025-11-15,Men's T-shirt - Medium / Purple,1,restocked
R5188,#E2301,2025-11-15,Hoodie - Clay / Small,1,restocked
R5203,#E2398,2025-11-15,Women's Crewneck - Large / Red,1,restocked
R5207,#E2416,2025-11-15,Leggings - Small / Olive,1,restocked
R5208,#E2417,2025-11-15,Hoodie - Large / Ocean,2,restocked
R5233,#E2558,2025-11-15,Canvas Sneakers - 11 / Ocean,1,restocked
R5234,#E2560,2025-11-15,Gray Runners - 12,1,restocked
R5253,#E2687,2025-11-15,Men's T-shirt - Medium / Ocean,1,restocked
R5255,#E2705,2025-11-15,Hoodie - Medium / Olive,1,restocked
R5174,#E2190,2025-11-16,Soft Cotton Hoodie in Ocean - Ocean / Small,1,restocked
R5198,#E2370,2025-11-16,Men's T-shirt - Large / Green,2,restocked
R5201,#E2377,2025-11-16,Hoodie - Clay / Large,1,restocked
R5202,#E2398,2025-11-16,Puffer Jacket - Medium / Red,1,restocked
R5213,#E2443,2025-11-16,Men's Crewneck - Small / Green,1,restocked
R5228,#E2520,2025-11-16,Puffer - Small / Red,2,restocked
R5231,#E2531,2025-11-16,Women's Crewneck - Large / Olive,1,restocked
R5238,#E2598,2025-11-16,Men's T-shirt - Medium / Red,1,restocked
R5247,#E2661,2025-11-16,Hoodie - Small / Olive,2,restocked
R5156,#E2078,2025-11-17,Men's Crewneck - Large / Olive,1,restocked
R5171,#E2183,2025-11-17,Canvas Sneakers - 9 / Olive,1,restocked
R5227,#E2519,2025-11-17,Canvas Sneakers - 9 / Green,1,restocked
R5250,#E2677,2025-11-17,Hoodie - X-Large / Green,1,restocked
R5263,#E2752,2025-11-17,Canvas Sneakers - 4 / Olive,1,restocked
R5273,#E2816,2025-11-17,Men's T-shirt - Small / Ocean,1,restocked
R5163,#E2139,2025-11-18,Leggings - Medium / Green,1,restocked
R5187,#E2300,2025-11-18,Gray Leather Sneakers - 12,1,restocked
R5210,#E2428,2025-11-18,Men's T-shirt - Medium / Ocean,1,restocked
R5215,#E2446,2025-11-18,Soft Cotton Hoodie in Clay - Clay / Medium,1,restocked
R5230,#E2523,2025-11-18,Men's T-shirt - X-Large / Purple,1,restocked
R5240,#E2615,2025-11-18,Gray Runners - 9,1,restocked
R5241,#E2617,2025-11-18,Leggings - Small / Purple,1,restocked
R5274,#E2819,2025-11-18,Men's T-shirt - X-Large / Ocean,1,restocked
R5275,#E2821,2025-11-18,Hoodie - Medium / Ocean,1,restocked
R5285,#E2902,2025-11-18,Men's Crewneck - Medium / Purple,1,restocked
R5180,#E2241,2025-11-19,Hoodie - Small / Green,1,restocked
R5183,#E2263,2025-11-19,Hoodie - Medium / Green,2,restocked
R5206,#E2412,2025-11-19,Hoodie - Ocean / X-Large,1,restocked
R5217,#E2454,2025-11-19,Canvas Sneakers - 4 / Red,1,restocked
R5260,#E2741,2025-11-19,Women's Crewneck - Medium / Red,1,restocked
R5266,#E2773,2025-11-19,Men's T-shirt - X-Large / Green,1,restocked
R5277,#E2835,2025-11-19,Soft Cotton Hoodie in Clay - Clay / Medium,2,restocked
R5283,#E2885,2025-11-19,Puffer - Small / Ocean,1,restocked
R5286,#E2907,2025-11-19,Puffer - Small / Ocean,1,restocked
R5182,#E2258,2025-11-20,Hoodie - Red / Medium,1,restocked
R5184,#E2265,2025-11-20,Half Zip - Small / Purple,1,restocked
R5194,#E2340,2025-11-20,Women's Crewneck - Medium / Red,2,restocked
R5219,#E2458,2025-11-20,Sweatpants - Medium / Ocean,1,restocked
R5226,#E2516,2025-11-20,Puffer - Medium / Olive,1,restocked
R5259,#E2734,2025-11-20,Puffer - Medium / Green,1,restocked
R5262,#E2751,2025-11-20,Soft Cotton Hoodie in Violet - Purple / Medium,2,restocked
R5271,#E2804,2025-11-20,Hoodie - Small / Purple,1,restocked
R5300,#E3010,2025-11-20,Hoodie - Red / Large,1,restocked
R5301,#E3017,2025-11-20,Hoodie - Purple / Large,1,restocked
R5191,#E2321,2025-11-21,Hoodie - Ocean / Medium,1,restocked
R5221,#E2479,2025-11-21,Hoodie - Small / Ocean,1,restocked
R5232,#E2546,2025-11-21,Leggings - Large / Ocean,1,restocked
R5239,#E2601,2025-11-21,Beanie - Ocean,1,restocked
R5246,#E2661,2025-11-21,Men's T-shirt - Large / Ocean,1,restocked
R5258,#E2721,2025-11-21,Sweatpants - Medium / Green,1,restocked
R5267,#E2778,2025-11-21,Hoodie - Ocean / Medium,1,restocked
R5295,#E2986,2025-11-21,White Leather Sneakers - 6,2,restocked
R5197,#E2368,2025-11-22,Soft Cotton Hoodie in Green - Green / Medium,1,restocked
R5204,#E2402,2025-11-22,Hoodie - X-Large / Green,2,restocked
R5214,#E2444,2025-11-22,Gray Runners - 6,1,restocked
R5220,#E2473,2025-11-22,Soft Cotton Hoodie in Ocean - Ocean / Large,1,restocked
R5222,#E2488,2025-11-22,Hoodie - X-Large / Ocean,1,restocked
R5225,#E2514,2025-11-22,Hoodie - Purple / Small,1,restocked
R5249,#E2676,2025-11-22,Canvas Sneakers - 4 / Olive,1,restocked
R5264,#E2762,2025-11-22,Sweatpants - Medium / Purple,2,restocked
R5289,#E2930,2025-11-22,Hoodie - Red / Large,1,restocked
R5298,#E3006,2025-11-22,Puffer - Medium / Green,1,restocked
R5310,#E3085,2025-11-22,Puffer - Small / Ocean,1,restocked
R5325,#E3188,2025-11-22,Men's T-shirt - Medium / Green,1,restocked
R5205,#E2411,2025-11-23,Sweatpants - Large / Olive,1,restocked
R5218,#E2458,2025-11-23,Puffer - Medium / Ocean,1,restocked
R5236,#E2566,2025-11-23,Puffer - Medium / Olive,1,restocked
R5272,#E2807,2025-11-23,Leggings - Large / Red,1,restocked
R5290,#E2937,2025-11-23,Men's Crewneck - Large / Olive,1,restocked
R5311,#E3088,2025-11-23,Men's Crewneck - Small / Green,1,restocked
R5229,#E2521,2025-11-24,Soft Cotton Hoodie in Clay - Clay / Medium,1,restocked
R5237,#E2574,2025-11-24,Men's Crewneck - Small / Olive,1,restocked
R5257,#E2714,2025-11-24,Men's T-shirt - Medium / Ocean,1,restocked
R5282,#E2884,2025-11-24,Soft Cotton Hoodie in Violet - Purple / Small,2,restocked
R5292,#E2973,2025-11-24,Gray Runners - 5,1,restocked
R5330,#E3224,2025-11-24,Hoodie - Red / Medium,1,restocked
R5216,#E2449,2025-11-25,Puffer - Large / Olive,1,restocked
R5243,#E2636,2025-11-25,Hoodie - Large / Olive,2,restocked
R5265,#E2771,2025-11-25,Women's Crewneck - Large / Red,1,restocked
R5270,#E2800,2025-11-25,Soft Cotton Hoodie in Clay - Clay / Large,1,restocked
R5299,#E3009,2025-11-25,Canvas Sneakers - 9 / Olive,1,restocked
R5308,#E3081,2025-11-25,Gray Runners - 12,2,restocked
R5314,#E3102,2025-11-25,White Leather Sneakers - 6,1,restocked
R5321,#E3149,2025-11-25,Hoodie - X-Large / Ocean,1,restocked
R5336,#E3282,2025-11-25,Men's Crewneck - Small / Olive,2,restocked
R5223,#E2499,2025-11-26,Hoodie - X-Large / Red,1,restocked
R5235,#E2560,2025-11-26,Men's Crewneck - Medium / Red,1,restocked
R5248,#E2665,2025-11-26,Hoodie - Clay / Large,1,restocked
R5261,#E2750,2025-11-26,Men's T-shirt - Medium / Ocean,1,restocked
R5268,#E2779,2025-11-26,Hoodie - Medium / Olive,1,restocked
R5302,#E3023,2025-11-26,Soft Cotton Hoodie in Jam - Red / Medium,2,restocked
R5303,#E3025,2025-11-26,Puffer Jacket - Large / Green,1,restocked
R5279,#E2847,2025-11-27,Hoodie - Red / X-Large,1,restocked
R5304,#E3042,2025-11-27,Hoodie - Clay / Small,1,restocked
R5307,#E3075,2025-11-27,Beanie - Red,1,restocked
R5309,#E3085,2025-11-27,Puffer - Large / Purple,1,restocked
R5319,#E3141,2025-11-27,Women's Crewneck - Large / Red,1,restocked
R5322,#E3168,2025-11-27,Hoodie - Ocean / Medium,1,restocked
R5327,#E3209,2025-11-27,Hoodie - Red / Small,2,restocked
R5347,#E3387,2025-11-27,Leggings - Large / Green,1,restocked
R5351,#E3474,2025-11-27,Hoodie - Small / Olive,1,restocked
R5244,#E2646,2025-11-28,Leggings - Medium / Purple,2,restocked
R5251,#E2683,2025-11-28,Soft Cotton Hoodie in Violet - Purple / Medium,1,restocked
R5256,#E2710,2025-11-28,Women's Crewneck - Small / Olive,1,restocked
R5280,#E2865,2025-11-28,Sweatpants - Large / Red,1,restocked
R5284,#E2890,2025-11-28,Canvas Sneakers - 4 / Olive,1,restocked
R5294,#E2985,2025-11-28,Half Zip - Large / Olive,2,restocked
R5324,#E3184,2025-11-28,Men's T-shirt - Small / Ocean,1,restocked
R5339,#E3313,2025-11-28,Puffer Jacket - Medium / Ocean,1,restocked
R5344,#E3366,2025-11-28,Women's Crewneck - Small / Green,1,restocked
R5352,#E3477,2025-11-28,Hoodie - X-Large / Ocean,1,restocked
R5356,#E3525,2025-11-28,Beanie - Ocean,1,restocked
R5317,#E3134,2025-11-29,Half Zip - Small / Red,1,restocked
R5318,#E3135,2025-11-29,Women's Crewneck - Medium / Ocean,1,restocked
R5323,#E3182,2025-11-29,Leggings - Medium / Ocean,1,restocked
R5345,#E3373,2025-11-29,Hoodie - Medium / Purple,1,restocked
R5269,#E2788,2025-11-30,Hoodie - Medium / Green,2,restocked
R5276,#E2822,2025-11-30,Soft Cotton Hoodie in Clay - Clay / Medium,1,restocked
R5281,#E2872,2025-11-30,Hoodie - Large / Ocean,1,restocked
R5287,#E2921,2025-11-30,Puffer - Large / Ocean,1,restocked
R5288,#E2923,2025-11-30,Hoodie - Medium / Green,1,restocked
R5293,#E2979,2025-11-30,White Leather Sneakers - 4,1,restocked
R5315,#E3111,2025-11-30,Leggings - Medium / Green,1,restocked
R5338,#E3303,2025-11-30,Puffer - Medium / Green,1,restocked
R5355,#E3517,2025-11-30,Beanie - Ocean,1,restocked
R5278,#E2844,2025-12-01,Hoodie - Green / Medium,1,restocked
R5291,#E2970,2025-12-01,Soft Cotton Hoodie in Jam - Red / X-Large,2,restocked
R5296,#E2987,2025-12-01,Sweatpants - Large / Olive,1,restocked
R5313,#E3097,2025-12-01,Men's T-shirt - Medium / Ocean,1,restocked
R5305,#E3056,2025-12-02,Hoodie - Small / Olive,1,restocked
R5312,#E3090,2025-12-02,Canvas Sneakers - 4 / Ocean,1,restocked
R5326,#E3208,2025-12-02,Hoodie - Medium / Green,1,restocked
R5331,#E3227,2025-12-02,Puffer Jacket - Medium / Olive,1,restocked
R5350,#E3440,2025-12-02,Soft Cotton Hoodie in Clay - Clay / Medium,1,restocked
R5365,#E3648,2025-12-02,Hoodie - Green / Large,1,restocked
R5373,#E3749,2025-12-02,Hoodie - Small / Red,1,restocked
R5306,#E3074,2025-12-03,Hoodie - Red / Small,1,restocked
R5329,#E3223,2025-12-03,Hoodie - Clay / Medium,1,restocked
R5337,#E3286,2025-12-03,White Leather Sneakers - 5,1,restocked
R5343,#E3365,2025-12-03,Men's T-shirt - Large / Olive,1,restocked
R5354,#E3498,2025-12-03,Sweatpants - Medium / Ocean,1,restocked
R5368,#E3677,2025-12-03,Men's T-shirt - Medium / Red,2,restocked
R5383,#E3796,2025-12-03,Canvas Sneakers - 5 / Olive,1,restocked
R5297,#E2997,2025-12-04,Leggings - Medium / Green,1,restocked
R5320,#E3146,2025-12-04,Sweatpants - Small / Purple,1,restocked
R5328,#E3214,2025-12-04,Hoodie - Purple / Small,1,restocked
R5335,#E3269,2025-12-04,Women's Crewneck - Small / Ocean,1,restocked
R5400,#E3923,2025-12-04,Hoodie - Ocean / Small,1,restocked
R5316,#E3130,2025-12-05,Hoodie - Green / Small,1,restocked
R5342,#E3362,2025-12-05,Hoodie - Medium / Ocean,1,restocked
R5346,#E3384,2025-12-05,Soft Cotton Hoodie in Ocean - Ocean / X-Large,2,restocked
R5403,#E3932,2025-12-05,Sweatpants - Large / Green,1,restocked
R5411,#E4008,2025-12-05,Women's Crewneck - Large / Purple,2,restocked
R5334,#E3266,2025-12-06,Soft Cotton Hoodie in Violet - Purple / X-Large,1,restocked
R5340,#E3327,2025-12-06,Men's Crewneck - Large / Ocean,2,restocked
R5341,#E3349,2025-12-06,Hoodie - Large / Ocean,1,restocked
R5362,#E3612,2025-12-06,Soft Cotton Hoodie in Violet - Purple / Large,1,restocked
R5364,#E3646,2025-12-06,Soft Cotton Hoodie in Green - Green / Medium,1,restocked
R5376,#E3762,2025-12-06,Soft Cotton Hoodie in Green - Green / Medium,1,restocked
R5377,#E3777,2025-12-06,Hoodie - Green / Medium,1,restocked
R5384,#E3797,2025-12-06,Leggings - Medium / Red,1,restocked
R5390,#E3826,2025-12-06,Canvas Sneakers - 6 / Olive,1,restocked
R5398,#E3894,2025-12-06,Men's T-shirt - Medium / Red,2,restocked
R5404,#E3941,2025-12-06,Sweatpants - Medium / Ocean,1,restocked
R5414,#E4026,2025-12-06,Soft Cotton Hoodie in Green - Green / Medium,1,restocked
R5332,#E3256,2025-12-07,Canvas Sneakers - 4 / Red,1,restocked
R5333,#E3257,2025-12-07,Half Zip - Large / Green,1,restocked
R5349,#E3397,2025-12-07,Gray Leather Sneakers - 9,1,restocked
R5361,#E3611,2025-12-07,Canvas Sneakers - 4 / Olive,1,restocked
R5375,#E3752,2025-12-07,Men's T-shirt - Small / Ocean,2,restocked
R5387,#E3813,2025-12-07,Soft Cotton Hoodie in Ocean - Ocean / Medium,1,restocked
R5418,#E4055,2025-12-07,Men's Crewneck - Medium / Olive,1,restocked
R5420,#E4069,2025-12-07,Hoodie - Large / Green,1,restocked
R5427,#E4118,2025-12-07,Hoodie - Clay / Medium,1,restocked
R5357,#E3559,2025-12-08,Puffer Jacket - Small / Green,1,restocked
R5366,#E3653,2025-12-08,Men's Crewneck - Large / Ocean,1,restocked
R5410,#E3999,2025-12-08,Canvas Sneakers - 7 / Ocean,1,restocked
R5430,#E4130,2025-12-08,Hoodie - Purple / Small,1,restocked
R5360,#E3599,2025-12-09,Soft Cotton Hoodie in Violet - Purple / Small,2,restocked
R5434,#E4155,2025-12-09,Hoodie - Large / Red,2,restocked
R5348,#E3397,2025-12-10,Hoodie - Green / Medium,1,restocked
R5359,#E3572,2025-12-10,Hoodie - X-Large / Purple,1,restocked
R5378,#E3779,2025-12-10,Half Zip - Large / Ocean,1,restocked
R5395,#E3864,2025-12-10,Beanie - Green,1,restocked
R5396,#E3869,2025-12-10,Sweatpants - Large / Red,1,restocked
R5397,#E3893,2025-12-10,Men's T-shirt - Medium / Olive,1,restocked
R5353,#E3494,2025-12-11,Hoodie - Purple / Medium,1,restocked
R5367,#E3675,2025-12-11,Hoodie - Medium / Green,1,restocked
R5370,#E3681,2025-12-11,Half Zip - Large / Green,1,restocked
R5371,#E3723,2025-12-11,Hoodie - X-Large / Purple,1,restocked
R5372,#E3745,2025-12-11,Women's Crewneck - Medium / Green,1,restocked
R5407,#E3953,2025-12-11,Hoodie - Clay / Medium,1,restocked
R5419,#E4064,2025-12-11,Hoodie - Medium / Ocean,1,restocked
R5426,#E4114,2025-12-11,Canvas Sneakers - 10 / Olive,2,restocked
R5358,#E3564,2025-12-12,Half Zip - Small / Green,1,restocked
R5379,#E3785,2025-12-12,High Top Sneakers - 8,1,restocked
R5386,#E3805,2025-12-12,Women's Crewneck - Small / Purple,1,restocked
R5391,#E3832,2025-12-12,Men's T-shirt - Small / Purple,1,restocked
R5401,#E3925,2025-12-12,Sweatpants - Medium / Red,1,restocked
R5428,#E4119,2025-12-12,Soft Cotton Hoodie in Ocean - Ocean / Medium,1,restocked
R5435,#E4164,2025-12-12,Soft Cotton Hoodie in Jam - Red / Large,1,restocked
R5440,#E4211,2025-12-12,Beanie - Olive,1,restocked
R5441,#E4215,2025-12-12,Soft Cotton Hoodie in Ocean - Ocean / X-Large,1,restocked
R5443,#E4219,2025-12-12,Gray Runners - 6,2,restocked
R5458,#E4351,2025-12-12,Puffer - Medium / Green,1,restocked
R5463,#E4389,2025-12-12,Soft Cotton Hoodie in Clay - Clay / Large,1,restocked
R5363,#E3616,2025-12-13,Soft Cotton Hoodie in Clay - Clay / Small,2,restocked
R5392,#E3847,2025-12-13,Men's T-shirt - Large / Purple,2,restocked
R5409,#E3991,2025-12-13,Women's Crewneck - Small / Purple,1,restocked
R5436,#E4174,2025-12-13,Sweatpants - Small / Green,1,restocked
R5448,#E4282,2025-12-13,Hoodie - Large / Red,2,restocked
R5460,#E4355,2025-12-13,Hoodie - Ocean / Medium,2,restocked
R5369,#E3678,2025-12-14,Puffer - Small / Green,1,restocked
R5385,#E3802,2025-12-14,Men's Crewneck - Small / Red,1,restocked
R5394,#E3856,2025-12-14,Soft Cotton Hoodie in Clay - Clay / Small,1,restocked
R5406,#E3948,2025-12-14,Women's Crewneck - Small / Green,1,restocked
R5412,#E4013,2025-12-14,Canvas Sneakers - 11 / Green,1,restocked
R5429,#E4128,2025-12-14,Men's T-shirt - X-Large / Red,1,restocked
R5438,#E4199,2025-12-14,Women's Crewneck - Large / Olive,1,restocked
R5445,#E4226,2025-12-14,Men's Crewneck - Large / Ocean,1,restocked
R5462,#E4384,2025-12-14,Soft Cotton Hoodie in Jam - Red / Small,1,restocked
R5381,#E3790,2025-12-15,Hoodie - Green / X-Large,1,restocked
R5389,#E3822,2025-12-15,Hoodie - Small / Purple,1,restocked
R5393,#E3849,2025-12-15,Hoodie - Clay / Large,1,restocked
R5399,#E3919,2025-12-15,Hoodie - Ocean / Large,1,restocked
R5422,#E4097,2025-12-15,Sweatpants - Medium / Green,1,restocked
R5470,#E4458,2025-12-15,Beanie - Red,1,restocked
R5475,#E4508,2025-12-15,Puffer Jacket - Small / Ocean,1,restocked
R5478,#E4518,2025-12-15,Men's Crewneck - Large / Olive,1,restocked
R5483,#E4573,2025-12-15,Gray Runners - 4,1,restocked
R5374,#E3750,2025-12-16,Men's Crewneck - Large / Olive,1,restocked
R5380,#E3788,2025-12-16,Soft Cotton Hoodie in Ocean - Ocean / Large,1,restocked
R5388,#E3819,2025-12-16,Men's T-shirt - Large / Olive,1,restocked
R5408,#E3961,2025-12-16,White Leather Sneakers - 4,1,restocked
R5416,#E4043,2025-12-16,Soft Cotton Hoodie in Ocean - Ocean / Medium,1,restocked
R5423,#E4099,2025-12-16,Women's Crewneck - Medium / Ocean,1,restocked
R5424,#E4106,2025-12-16,Soft Cotton Hoodie in Ocean - Ocean / Large,1,restocked
R5382,#E3796,2025-12-17,Leggings - Large / Red,1,restocked
R5402,#E3928,2025-12-17,Puffer - Large / Green,1,restocked
R5467,#E4416,2025-12-17,Hoodie - Red / Small,1,restocked
R5479,#E4526,2025-12-17,Men's Crewneck - Large / Olive,1,restocked
R5405,#E3943,2025-12-18,Hoodie - Green / Large,1,restocked
R5413,#E4024,2025-12-18,Hoodie - Green / X-Large,1,restocked
R5417,#E4046,2025-12-18,Men's T-shirt - X-Large / Ocean,1,restocked
R5432,#E4145,2025-12-18,Sweatpants - Large / Green,1,restocked
R5433,#E4148,2025-12-18,Women's Crewneck - Small / Olive,1,restocked
R5489,#E4636,2025-12-18,Men's T-shirt - Small / Green,1,restocked
R5421,#E4094,2025-12-19,Men's Crewneck - Medium / Ocean,1,restocked
R5439,#E4209,2025-12-19,Puffer - Medium / Red,1,restocked
R5447,#E4246,2025-12-19,Canvas Sneakers - 10 / Red,1,restocked
R5451,#E4306,2025-12-19,Hoodie - Large / Olive,1,restocked
R5452,#E4312,2025-12-19,Puffer Jacket - Small / Ocean,1,restocked
R5491,#E4664,2025-12-19,Hoodie - Green / Medium,1,restocked
R5500,#E4700,2025-12-19,Men's Crewneck - Large / Purple,1,restocked
R5504,#E4719,2025-12-19,Soft Cotton Hoodie in Ocean - Ocean / Large,1,restocked
R5519,#E4842,2025-12-19,Men's T-shirt - Large / Ocean,1,restocked
R5526,#E4880,2025-12-19,Sweatpants - Medium / Ocean,1,restocked
R5415,#E4038,2025-12-20,Puffer Jacket - Medium / Ocean,1,restocked
R5425,#E4108,2025-12-20,Men's T-shirt - Small / Olive,1,restocked
R5437,#E4177,2025-12-20,Beanie - Olive,1,restocked
R5450,#E4296,2025-12-20,Hoodie - Medium / Olive,1,restocked
R5457,#E4348,2025-12-20,Men's T-shirt - Small / Green,1,restocked
R5459,#E4352,2025-12-20,Men's Crewneck - Large / Red,1,restocked
R5465,#E4406,2025-12-20,Puffer Jacket - Large / Red,1,restocked
R5482,#E4565,2025-12-20,Canvas Sneakers - 11 / Ocean,1,restocked
R5485,#E4595,2025-12-20,Men's Crewneck - Medium / Ocean,1,restocked
R5431,#E4140,2025-12-21,Puffer - Medium / Purple,1,restocked
R5444,#E4226,2025-12-21,Puffer Jacket - Large / Olive,1,restocked
R5469,#E4441,2025-12-21,Puffer - Large / Olive,1,restocked
R5480,#E4533,2025-12-21,Gray Leather Sneakers - 5,1,restocked
R5505,#E4722,2025-12-21,Puffer - Large / Ocean,1,restocked
R5518,#E4837,2025-12-21,Men's T-shirt - Large / Ocean,1,restocked
R5520,#E4849,2025-12-21,Canvas Sneakers - 5 / Red,1,restocked
R5523,#E4861,2025-12-21,Canvas Sneakers - 6 / Ocean,1,restocked
R5525,#E4865,2025-12-21,Soft Cotton Hoodie in Green - Green / Medium,1,restocked
R5537,#E4954,2025-12-21,Women's Crewneck - Small / Red,1,restocked
R5449,#E4291,2025-12-22,Hoodie - Medium / Olive,1,restocked
R5453,#E4323,2025-12-22,Hoodie - Small / Purple,1,restocked
R5473,#E4490,2025-12-22,Women's Crewneck - Medium / Red,1,restocked
R5486,#E4604,2025-12-22,Sweatpants - Small / Ocean,1,restocked
R5502,#E4704,2025-12-22,Puffer Jacket - Large / Green,2,restocked
R5515,#E4799,2025-12-22,Men's Crewneck - Medium / Red,1,restocked
R5552,#E5012,2025-12-22,Men's Crewneck - Large / Ocean,1,restocked
R5442,#E4218,2025-12-23,Canvas Sneakers - 12 / Red,1,restocked
R5454,#E4330,2025-12-23,Hoodie - X-Large / Purple,1,restocked
R5455,#E4336,2025-12-23,Women's Crewneck - Medium / Ocean,1,restocked
R5468,#E4427,2025-12-23,Hoodie - Large / Olive,1,restocked
R5472,#E4486,2025-12-23,Gray Runners - 10,1,restocked
R5474,#E4501,2025-12-23,Soft Cotton Hoodie in Clay - Clay / Medium,1,restocked
R5503,#E4717,2025-12-23,Men's T-shirt - Medium / Ocean,1,restocked
R5507,#E4735,2025-12-23,Sweatpants - Medium / Ocean,1,restocked
R5528,#E4908,2025-12-23,Hoodie - Medium / Ocean,1,restocked
R5535,#E4949,2025-12-23,Men's Crewneck - Large / Olive,1,restocked
R5541,#E4966,2025-12-23,Women's Crewneck - Small / Red,1,restocked
R5547,#E4994,2025-12-23,Hoodie - X-Large / Olive,1,restocked
R5446,#E4234,2025-12-24,Canvas Sneakers - 6 / Purple,1,restocked
R5461,#E4366,2025-12-24,Soft Cotton Hoodie in Green - Green / Medium,1,restocked
R5477,#E4518,2025-12-24,Men's T-shirt - Small / Red,1,restocked
R5487,#E4616,2025-12-24,Puffer Jacket - Small / Green,1,restocked
R5501,#E4703,2025-12-24,Men's T-shirt - X-Large / Green,2,restocked
R5530,#E4917,2025-12-24,Hoodie - Clay / X-Large,1,restocked
R5533,#E4937,2025-12-24,Men's Crewneck - Large / Olive,1,restocked
R5549,#E5009,2025-12-24,Hoodie - Medium / Green,1,restocked
R5562,#E5073,2025-12-24,Canvas Sneakers - 5 / Olive,1,restocked
R5569,#E5144,2025-12-24,Men's T-shirt - Small / Red,1,restocked
R5571,#E5157,2025-12-24,Soft Cotton Hoodie in Jam - Red / Medium,1,restocked
R5456,#E4345,2025-12-25,Hoodie - Red / Medium,1,restocked
R5464,#E4392,2025-12-25,Soft Cotton Hoodie in Clay - Clay / Medium,1,restocked
R5499,#E4691,2025-12-25,Puffer - Large / Olive,1,restocked
R5511,#E4753,2025-12-25,Hoodie - Medium / Purple,1,restocked
R5546,#E4991,2025-12-25,Soft Cotton Hoodie in Green - Green / Large,1,restocked
R5559,#E5061,2025-12-25,Hoodie - Medium / Ocean,1,restocked
R5564,#E5094,2025-12-25,Hoodie - Ocean / Large,1,restocked
R5583,#E5225,2025-12-25,Gray Runners - 9,1,restocked
R5466,#E4415,2025-12-26,Soft Cotton Hoodie in Clay - Clay / Small,1,restocked
R5471,#E4484,2025-12-26,Puffer Jacket - Large / Ocean,1,restocked
R5481,#E4557,2025-12-26,Leggings - Large / Red,1,restocked
R5510,#E4747,2025-12-26,Sweatpants - Large / Olive,1,restocked
R5522,#E4853,2025-12-26,Hoodie - Red / Medium,2,restocked
R5531,#E4919,2025-12-26,Puffer Jacket - Small / Green,2,restocked
R5534,#E4941,2025-12-26,Canvas Sneakers - 8 / Olive,1,restocked
R5543,#E4978,2025-12-26,Men's Crewneck - Large / Olive,2,restocked
R5554,#E5038,2025-12-26,Soft Cotton Hoodie in Ocean - Ocean / Small,2,restocked
R5568,#E5140,2025-12-26,Hoodie - Green / Large,2,restocked
R5586,#E5247,2025-12-26,Hoodie - Small / Green,1,restocked
R5589,#E5253,2025-12-26,Half Zip - Small / Red,1,restocked
R5476,#E4509,2025-12-27,Puffer Jacket - Medium / Olive,1,restocked
R5484,#E4577,2025-12-27,Half Zip - Large / Red,1,restocked
R5488,#E4621,2025-12-27,Women's Crewneck - Large / Red,2,restocked
R5497,#E4683,2025-12-27,Hoodie - Medium / Ocean,1,restocked
R5513,#E4762,2025-12-27,Puffer - Medium / Red,1,restocked
R5521,#E4851,2025-12-27,Hoodie - Small / Purple,1,restocked
R5540,#E4964,2025-12-27,Sweatpants - Medium / Red,2,restocked
R5560,#E5071,2025-12-27,Men's T-shirt - Medium / Red,1,restocked
R5592,#E5265,2025-12-27,Soft Cotton Hoodie in Ocean - Ocean / X-Large,1,restocked
R5604,#E5335,2025-12-27,Hoodie - Green / X-Large,1,restocked
R5605,#E5345,2025-12-27,Hoodie - Purple / X-Large,1,restocked
R5506,#E4726,2025-12-28,Puffer - Medium / Green,1,restocked
R5509,#E4743,2025-12-28,Canvas Sneakers - 11 / Green,2,restocked
R5597,#E5307,2025-12-28,Women's Crewneck - Medium / Olive,1,restocked
R5602,#E5328,2025-12-28,Puffer - Small / Red,2,restocked
R5611,#E5381,2025-12-28,Beanie - Green,1,restocked
R5493,#E4672,2025-12-29,Canvas Sneakers - 8 / Red,1,restocked
R5498,#E4687,2025-12-29,Canvas Sneakers - 4 / Green,1,restocked
R5512,#E4756,2025-12-29,Men's T-shirt - X-Large / Olive,2,restocked
R5514,#E4765,2025-12-29,Soft Cotton Hoodie in Ocean - Ocean / Medium,2,restocked
R5532,#E4926,2025-12-29,Women's Crewneck - Medium / Red,1,restocked
R5561,#E5072,2025-12-29,Hoodie - Purple / Small,2,restocked
R5587,#E5248,2025-12-29,Men's T-shirt - X-Large / Olive,1,restocked
R5618,#E5452,2025-12-29,Men's T-shirt - Medium / Ocean,1,restocked
R5622,#E5479,2025-12-29,Soft Cotton Hoodie in Clay - Clay / Medium,2,restocked
R5490,#E4658,2025-12-30,Women's Crewneck - Medium / Olive,1,restocked
R5492,#E4665,2025-12-30,Men's T-shirt - X-Large / Olive,1,restocked
R5516,#E4799,2025-12-30,Women's Crewneck - Medium / Olive,1,restocked
R5517,#E4828,2025-12-30,Sweatpants - Large / Ocean,1,restocked
R5544,#E4982,2025-12-30,Soft Cotton Hoodie in Jam - Red / Medium,1,restocked
R5555,#E5049,2025-12-30,Hoodie - Clay / Small,1,restocked
R5566,#E5134,2025-12-30,Hoodie - Ocean / Medium,1,restocked
R5588,#E5250,2025-12-30,Puffer - Large / Olive,1,restocked
R5591,#E5263,2025-12-30,Puffer - Medium / Olive,1,restocked
R5596,#E5290,2025-12-30,Soft Cotton Hoodie in Green - Green / Large,1,restocked
R5599,#E5323,2025-12-30,Puffer - Large / Olive,1,restocked
R5631,#E5527,2025-12-30,Hoodie - Green / Large,1,restocked
R5633,#E5532,2025-12-30,Half Zip - Small / Red,1,restocked
R5494,#E4672,2025-12-31,Canvas Sneakers - 9 / Olive,1,restocked
R5495,#E4676,2025-12-31,Half Zip - Large / Ocean,1,restocked
R5496,#E4681,2025-12-31,Canvas Sneakers - 4 / Red,1,restocked
R5582,#E5220,2025-12-31,Men's Crewneck - Medium / Olive,1,restocked
R5593,#E5271,2025-12-31,Men's T-shirt - Large / Ocean,1,restocked
R5607,#E5352,2025-12-31,Sweatpants - Large / Purple,1,restocked
R5636,#E5571,2025-12-31,Hoodie - Medium / Olive,1,restocked
R5508,#E4740,2026-01-01,Sweatpants - Medium / Olive,1,restocked
R5524,#E4863,2026-01-01,Gray Runners - 8,1,restocked
R5538,#E4958,2026-01-01,Women's Crewneck - Medium / Ocean,1,restocked
R5550,#E5010,2026-01-01,Soft Cotton Hoodie in Green - Green / X-Large,1,restocked
R5563,#E5092,2026-01-01,Hoodie - Clay / Large,1,restocked
R5585,#E5242,2026-01-01,Puffer - Medium / Red,1,restocked
R5590,#E5255,2026-01-01,Leggings - Large / Olive,1,restocked
R5613,#E5403,2026-01-01,Hoodie - Ocean / Medium,1,restocked
R5615,#E5434,2026-01-01,Soft Cotton Hoodie in Jam - Red / Medium,2,restocked
R5651,#E5686,2026-01-01,Puffer Jacket - Medium / Red,1,restocked
R5527,#E4889,2026-01-02,Soft Cotton Hoodie in Ocean - Ocean / Medium,1,restocked
R5529,#E4916,2026-01-02,Sweatpants - Small / Red,1,restocked
R5548,#E4997,2026-01-02,Hoodie - Large / Ocean,1,restocked
R5551,#E5011,2026-01-02,Men's T-shirt - Medium / Olive,1,restocked
R5580,#E5217,2026-01-02,White Leather Sneakers - 4,1,restocked
R5536,#E4951,2026-01-03,Hoodie - Red / Medium,1,restocked
R5542,#E4972,2026-01-03,Men's Crewneck - Small / Green,2,restocked
R5553,#E5030,2026-01-03,Half Zip - Large / Red,1,restocked
R5574,#E5199,2026-01-03,Canvas Sneakers - 10 / Ocean,2,restocked
R5595,#E5288,2026-01-03,Hoodie - Medium / Green,1,restocked
R5600,#E5324,2026-01-03,Soft Cotton Hoodie in Clay - Clay / Small,1,restocked
R5603,#E5331,2026-01-03,Puffer Jacket - Medium / Ocean,1,restocked
R5619,#E5456,2026-01-03,Soft Cotton Hoodie in Clay - Clay / Small,1,restocked
R5621,#E5478,2026-01-03,Hoodie - Purple / Medium,1,restocked
R5639,#E5587,2026-01-03,Soft Cotton Hoodie in Clay - Clay / Medium,1,restocked
R5642,#E5619,2026-01-03,Hoodie - Medium / Red,1,restocked
R5660,#E5739,2026-01-03,Men's Crewneck - Medium / Olive,1,restocked
R5669,#E5804,2026-01-03,Sweatpants - Medium / Red,1,restocked
R5539,#E4962,2026-01-04,Sweatpants - Medium / Green,1,restocked
R5545,#E4987,2026-01-04,Canvas Sneakers - 8 / Olive,1,restocked
R5556,#E5051,2026-01-04,Hoodie - Medium / Olive,1,restocked
R5558,#E5059,2026-01-04,Men's T-shirt - Medium / Purple,1,restocked
R5565,#E5104,2026-01-04,Soft Cotton Hoodie in Violet - Purple / Small,1,restocked
R5567,#E5137,2026-01-04,Hoodie - Medium / Olive,1,restocked
R5609,#E5356,2026-01-04,Gray Leather Sneakers - 10,1,restocked
R5616,#E5439,2026-01-04,Men's Crewneck - Small / Red,1,restocked
R5617,#E5448,2026-01-04,Men's Crewneck - Medium / Olive,2,restocked
R5627,#E5491,2026-01-04,Men's Crewneck - Medium / Green,1,restocked
R5643,#E5624,2026-01-04,Hoodie - Ocean / Large,2,restocked
R5652,#E5692,2026-01-04,Hoodie - Green / Medium,2,restocked
R5661,#E5740,2026-01-04,Puffer - Large / Olive,1,restocked
R5684,#E5884,2026-01-04,Hoodie - Ocean / Large,1,restocked
R5557,#E5052,2026-01-05,Sweatpants - Medium / Purple,2,restocked
R5573,#E5190,2026-01-05,Sweatpants - Large / Olive,1,restocked
R5635,#E5556,2026-01-05,Soft Cotton Hoodie in Ocean - Ocean / Medium,1,restocked
R5658,#E5717,2026-01-05,Men's T-shirt - Medium / Ocean,1,restocked
R5662,#E5744,2026-01-05,Sweatpants - Small / Red,1,restocked
R5663,#E5747,2026-01-05,Women's Crewneck - Large / Ocean,1,restocked
R5668,#E5796,2026-01-05,Women's Crewneck - Medium / Ocean,1,restocked
R5683,#E5875,2026-01-05,Soft Cotton Hoodie in Jam - Red / X-Large,1,restocked
R5576,#E5203,2026-01-06,Hoodie - Medium / Olive,1,restocked
R5578,#E5212,2026-01-06,Hoodie - Large / Ocean,1,restocked
R5584,#E5225,2026-01-06,Hoodie - Ocean / Large,1,restocked
R5594,#E5278,2026-01-06,Hoodie - Purple / Medium,1,restocked
R5608,#E5353,2026-01-06,Gray Runners - 14,1,restocked
R5624,#E5483,2026-01-06,Women's Crewneck - Large / Ocean,1,restocked
R5629,#E5496,2026-01-06,Gray Leather Sneakers - 9,1,restocked
R5630,#E5511,2026-01-06,Men's T-shirt - Medium / Olive,1,restocked
R5638,#E5582,2026-01-06,Hoodie - Medium / Ocean,1,restocked
R5654,#E5695,2026-01-06,Hoodie - Clay / Large,1,restocked
R5656,#E5698,2026-01-06,Sweatpants - Medium / Olive,1,restocked
R5665,#E5757,2026-01-06,Soft Cotton Hoodie in Green - Green / Small,2,restocked
R5570,#E5152,2026-01-07,Hoodie - Large / Ocean,1,restocked
R5581,#E5218,2026-01-07,Soft Cotton Hoodie in Jam - Red / Large,1,restocked
R5606,#E5347,2026-01-07,Soft Cotton Hoodie in Ocean - Ocean / Large,1,restocked
R5610,#E5363,2026-01-07,Hoodie - Red / Small,1,restocked
R5620,#E5475,2026-01-07,Puffer Jacket - Medium / Olive,1,restocked
R5625,#E5485,2026-01-07,Half Zip - Large / Red,1,restocked
R5626,#E5491,2026-01-07,Puffer Jacket - Medium / Purple,2,restocked
R5667,#E5785,2026-01-07,Canvas Sneakers - 9 / Green,1,restocked
R5694,#E5964,2026-01-07,Soft Cotton Hoodie in Jam - Red / X-Large,1,restocked
R5572,#E5187,2026-01-08,Half Zip - Small / Olive,1,restocked
R5575,#E5202,2026-01-08,Puffer - Large / Purple,1,restocked
R5577,#E5210,2026-01-08,Women's Crewneck - Small / Ocean,1,restocked
R5579,#E5213,2026-01-08,Puffer Jacket - Medium / Red,1,restocked
R5614,#E5418,2026-01-08,Women's Crewneck - Medium / Olive,2,restocked
R5644,#E5625,2026-01-08,Soft Cotton Hoodie in Jam - Red / Large,1,restocked
R5649,#E5678,2026-01-08,Soft Cotton Hoodie in Violet - Purple / Medium,1,restocked
R5676,#E5835,2026-01-08,Puffer - Large / Purple,1,restocked
R5691,#E5924,2026-01-08,Puffer Jacket - Medium / Olive,1,restocked
R5701,#E6001,2026-01-08,Men's Crewneck - Small / Olive,1,restocked
R5598,#E5310,2026-01-09,Sweatpants - Large / Olive,1,restocked
R5601,#E5327,2026-01-09,Hoodie - Large / Ocean,1,restocked
R5623,#E5481,2026-01-09,Puffer Jacket - Large / Red,1,restocked
R5628,#E5495,2026-01-09,Puffer Jacket - Medium / Olive,1,restocked
R5645,#E5640,2026-01-09,Sweatpants - Medium / Olive,1,restocked
R5648,#E5671,2026-01-09,Soft Cotton Hoodie in Ocean - Ocean / Large,1,restocked
R5657,#E5715,2026-01-09,Hoodie - Medium / Olive,1,restocked
R5704,#E6024,2026-01-09,Puffer Jacket - Medium / Olive,1,restocked
R5707,#E6060,2026-01-09,Men's Crewneck - Large / Ocean,1,restocked
R5612,#E5389,2026-01-10,Gray Leather Sneakers - 5,1,restocked
R5637,#E5572,2026-01-10,Puffer Jacket - Large / Purple,1,restocked
R5640,#E5596,2026-01-10,Hoodie - Green / Large,1,restocked
R5664,#E5749,2026-01-10,Sweatpants - Large / Green,1,restocked
R5666,#E5760,2026-01-10,Hoodie - Medium / Green,1,restocked
R5682,#E5869,2026-01-10,Hoodie - Medium / Ocean,1,restocked
R5687,#E5901,2026-01-10,Men's T-shirt - Large / Green,1,restocked
R5695,#E5965,2026-01-10,Men's Crewneck - Medium / Purple,1,restocked
R5718,#E6113,2026-01-10,Half Zip - Small / Ocean,1,restocked
R5650,#E5686,2026-01-11,Leggings - Small / Ocean,1,restocked
R5670,#E5806,2026-01-11,Women's Crewneck - Medium / Ocean,1,restocked
R5678,#E5841,2026-01-11,Hoodie - X-Large / Purple,2,restocked
R5708,#E6061,2026-01-11,Puffer - Medium / Ocean,1,restocked
R5641,#E5614,2026-01-12,Women's Crewneck - Medium / Ocean,1,restocked
R5653,#E5694,2026-01-12,Canvas Sneakers - 4 / Green,2,restocked
R5671,#E5811,2026-01-12,Beanie - Green,1,restocked
R5674,#E5828,2026-01-12,Canvas Sneakers - 12 / Olive,1,restocked
R5679,#E5842,2026-01-12,Soft Cotton Hoodie in Violet - Purple / Medium,1,restocked
R5685,#E5891,2026-01-12,Hoodie - Red / Small,2,restocked
R5688,#E5904,2026-01-12,Canvas Sneakers - 6 / Olive,1,restocked
R5703,#E6018,2026-01-12,Women's Crewneck - Small / Olive,1,restocked
R5719,#E6129,2026-01-12,Men's T-shirt - Small / Green,1,restocked
R5632,#E5528,2026-01-13,Sweatpants - Small / Red,1,restocked
R5634,#E5543,2026-01-13,Sweatpants - Large / Green,1,restocked
R5646,#E5647,2026-01-13,Men's T-shirt - Large / Ocean,1,restocked
R5647,#E5663,2026-01-13,Hoodie - Clay / Small,1,restocked
R5655,#E5696,2026-01-13,Sweatpants - Large / Ocean,1,restocked
R5681,#E5858,2026-01-13,Women's Crewneck - Medium / Green,1,restocked
R5686,#E5899,2026-01-13,Sweatpants - Large / Olive,1,restocked
R5690,#E5923,2026-01-13,Puffer Jacket - Large / Red,1,restocked
R5700,#E6000,2026-01-13,Hoodie - Green / Large,1,restocked
R5720,#E6137,2026-01-13,Leggings - Small / Red,1,restocked
R5728,#E6241,2026-01-13,Hoodie - Large / Olive,1,restocked
R5672,#E5815,2026-01-14,Women's Crewneck - Large / Ocean,1,restocked
R5693,#E5945,2026-01-14,Soft Cotton Hoodie in Ocean - Ocean / Small,1,restocked
R5729,#E6267,2026-01-14,Hoodie - Medium / Olive,1,restocked
R5659,#E5720,2026-01-15,Men's Crewneck - Medium / Ocean,1,restocked
R5680,#E5848,2026-01-15,Men's T-shirt - Medium / Purple,1,restocked
R5709,#E6066,2026-01-15,Sweatpants - Small / Purple,1,restocked
R5673,#E5825,2026-01-16,Hoodie - Medium / Green,1,restocked
R5677,#E5835,2026-01-16,Hoodie - Ocean / Small,1,restocked
R5696,#E5968,2026-01-16,Puffer Jacket - Small / Red,1,restocked
R5699,#E5999,2026-01-16,Canvas Sneakers - 9 / Red,1,restocked
R5713,#E6078,2026-01-16,Soft Cotton Hoodie in Ocean - Ocean / Medium,1,restocked
R5714,#E6084,2026-01-16,Hoodie - Small / Olive,1,restocked
R5716,#E6109,2026-01-16,Half Zip - Small / Red,1,restocked
R5726,#E6220,2026-01-16,Hoodie - Green / Large,1,restocked
R5731,#E6289,2026-01-16,Men's Crewneck - Medium / Green,1,restocked
R5733,#E6306,2026-01-16,Hoodie - X-Large / Olive,1,restocked
R5739,#E6328,2026-01-16,Hoodie - Medium / Red,1,restocked
R5675,#E5828,2026-01-17,Men's T-shirt - Small / Ocean,1,restocked
R5697,#E5979,2026-01-17,Hoodie - Clay / Medium,1,restocked
R5698,#E5979,2026-01-17,Hoodie - Green / Small,1,restocked
R5706,#E6057,2026-01-17,Canvas Sneakers - 7 / Ocean,1,restocked
R5711,#E6069,2026-01-17,Women's Crewneck - Medium / Purple,1,restocked
R5724,#E6164,2026-01-17,Puffer Jacket - Medium / Ocean,1,restocked
R5736,#E6319,2026-01-17,Puffer Jacket - Large / Olive,1,restocked
R5743,#E6366,2026-01-17,Leggings - Medium / Purple,2,restocked
R5715,#E6101,2026-01-18,Half Zip - Small / Purple,2,restocked
R5741,#E6344,2026-01-18,Men's Crewneck - Small / Red,1,restocked
R5689,#E5914,2026-01-19,Hoodie - X-Large / Green,2,restocked
R5705,#E6033,2026-01-19,Women's Crewneck - Small / Ocean,1,restocked
R5710,#E6067,2026-01-19,Hoodie - X-Large / Ocean,1,restocked
R5712,#E6077,2026-01-19,Canvas Sneakers - 12 / Green,1,restocked
R5747,#E6379,2026-01-19,Sweatpants - Large / Red,1,restocked
R5755,#E6453,2026-01-19,Men's T-shirt - X-Large / Purple,1,restocked
R5692,#E5938,2026-01-20,Hoodie - Red / Large,1,restocked
R5702,#E6012,2026-01-20,Canvas Sneakers - 5 / Olive,1,restocked
R5760,#E6476,2026-01-20,Sweatpants - Large / Red,1,restocked
R5766,#E6504,2026-01-20,Puffer Jacket - Medium / Olive,1,restocked
R5721,#E6142,2026-01-21,Hoodie - Medium / Olive,1,restocked
R5723,#E6159,2026-01-21,Hoodie - Green / Medium,1,restocked
R5737,#E6321,2026-01-21,Women's Crewneck - Small / Red,1,restocked
R5756,#E6455,2026-01-21,Puffer - Large / Red,1,restocked
R5725,#E6213,2026-01-22,Puffer - Large / Red,1,restocked
R5734,#E6311,2026-01-22,High Top Sneakers - 6,1,restocked
R5744,#E6367,2026-01-22,Hoodie - X-Large / Olive,1,restocked
R5761,#E6480,2026-01-22,Hoodie - Purple / Small,1,restocked
R5767,#E6506,2026-01-22,Hoodie - Medium / Purple,1,restocked
R5778,#E6594,2026-01-22,Women's Crewneck - Large / Purple,1,restocked
R5717,#E6112,2026-01-23,Sweatpants - Small / Purple,1,restocked
R5757,#E6459,2026-01-23,Puffer Jacket - Large / Purple,1,restocked
R5762,#E6482,2026-01-23,Hoodie - Ocean / X-Large,1,restocked
R5777,#E6592,2026-01-23,Gray Leather Sneakers - 11,1,restocked
R5781,#E6597,2026-01-23,Puffer Jacket - Medium / Purple,1,restocked
R5735,#E6315,2026-01-24,Hoodie - Green / Large,2,restocked
R5746,#E6374,2026-01-24,Women's Crewneck - Medium / Olive,1,restocked
R5768,#E6507,2026-01-24,Gray Leather Sneakers - 11,1,restocked
R5722,#E6149,2026-01-25,Canvas Sneakers - 9 / Purple,1,restocked
R5727,#E6236,2026-01-25,Canvas Sneakers - 4 / Red,1,restocked
R5730,#E6277,2026-01-25,Soft Cotton Hoodie in Ocean - Ocean / X-Large,1,restocked
R5752,#E6445,2026-01-25,Soft Cotton Hoodie in Clay - Clay / Medium,1,restocked
R5758,#E6463,2026-01-26,Beanie - Olive,1,restocked
R5793,#E6733,2026-01-26,Puffer - Large / Purple,1,restocked
R5732,#E6294,2026-01-27,Men's T-shirt - Large / Olive,1,restocked
R5745,#E6369,2026-01-27,Leggings - Large / Red,1,restocked
R5771,#E6517,2026-01-27,Hoodie - Clay / Small,1,restocked
R5775,#E6562,2026-01-27,Hoodie - Ocean / Small,2,restocked
R5790,#E6714,2026-01-27,Frontpack - Green,2,restocked
R5792,#E6731,2026-01-27,Men's T-shirt - Medium / Olive,1,restocked
R5738,#E6324,2026-01-28,Canvas Sneakers - 12 / Purple,1,restocked
R5740,#E6328,2026-01-28,Hoodie - Clay / Small,1,restocked
R5759,#E6475,2026-01-28,Women's Crewneck - Large / Green,2,restocked
R5773,#E6530,2026-01-28,Gray Runners - 13,1,restocked
R5780,#E6597,2026-01-28,Soft Cotton Hoodie in Jam - Red / Small,1,restocked
R5742,#E6363,2026-01-30,Gray Leather Sneakers - 6,1,restocked
R5748,#E6387,2026-01-30,Puffer Jacket - Large / Olive,2,restocked
R5750,#E6410,2026-01-30,Hoodie - Clay / Large,1,restocked
R5753,#E6446,2026-01-30,Hoodie - Medium / Olive,1,restocked
R5763,#E6495,2026-01-30,Half Zip - Small / Purple,2,restocked
R5765,#E6498,2026-01-30,Hoodie - Medium / Olive,1,restocked
R5787,#E6663,2026-01-30,Men's T-shirt - Large / Red,1,restocked
R5812,#E6811,2026-01-30,Hoodie - Red / Large,1,restocked
R5815,#E6828,2026-01-30,Men's Crewneck - Medium / Ocean,1,restocked
R5821,#E6882,2026-01-30,Puffer - Medium / Red,2,restocked
R5749,#E6407,2026-01-31,Men's T-shirt - Small / Red,1,restocked
R5770,#E6517,2026-01-31,Men's T-shirt - X-Large / Red,1,restocked
R5776,#E6570,2026-01-31,Men's Crewneck - Large / Olive,2,restocked
R5779,#E6595,2026-01-31,Hoodie - Ocean / Medium,1,restocked
R5799,#E6755,2026-01-31,Men's T-shirt - Medium / Ocean,1,restocked
R5805,#E6781,2026-01-31,Men's Crewneck - Medium / Ocean,1,restocked
R5818,#E6860,2026-01-31,Men's Crewneck - Small / Olive,1,restocked
R5751,#E6418,2026-02-01,Hoodie - Medium / Ocean,1,restocked
R5754,#E6448,2026-02-01,Hoodie - Ocean / Large,1,restocked
R5783,#E6623,2026-02-01,Hoodie - Medium / Green,1,restocked
R5785,#E6657,2026-02-01,Puffer Jacket - Large / Red,1,restocked
R5797,#E6750,2026-02-01,Men's T-shirt - Large / Olive,1,restocked
R5832,#E6971,2026-02-01,Hoodie - X-Large / Purple,1,restocked
R5764,#E6497,2026-02-02,Soft Cotton Hoodie in Green - Green / X-Large,2,restocked
R5772,#E6522,2026-02-02,Men's Crewneck - Medium / Green,1,restocked
R5774,#E6546,2026-02-02,Sweatpants - Small / Purple,1,restocked
R5788,#E6677,2026-02-02,Hoodie - X-Large / Red,1,restocked
R5831,#E6957,2026-02-02,Hoodie - Clay / X-Large,1,restocked
R5838,#E7008,2026-02-02,Hoodie - Small / Ocean,1,restocked
R5769,#E6512,2026-02-03,Hoodie - Green / Small,1,restocked
R5796,#E6750,2026-02-03,Puffer - Medium / Ocean,1,restocked
R5820,#E6866,2026-02-03,Hoodie - Clay / Medium,1,restocked
R5829,#E6955,2026-02-03,Hoodie - Medium / Red,1,restocked
R5835,#E6980,2026-02-03,Men's Crewneck - Large / Green,1,restocked
R5836,#E6983,2026-02-03,Men's Crewneck - Large / Olive,2,restocked
R5782,#E6599,2026-02-04,Sweatpants - Small / Olive,1,restocked
R5784,#E6641,2026-02-05,Hoodie - Medium / Red,1,restocked
R5789,#E6680,2026-02-05,Soft Cotton Hoodie in Green - Green / Medium,1,restocked
R5804,#E6777,2026-02-05,Leggings - Medium / Olive,2,restocked
R5810,#E6807,2026-02-05,Puffer Jacket - Large / Ocean,1,restocked
R5814,#E6816,2026-02-05,Hoodie - Green / Large,1,restocked
R5816,#E6832,2026-02-05,Gray Runners - 7,1,restocked
R5819,#E6862,2026-02-05,Hoodie - Purple / X-Large,1,restocked
R5833,#E6972,2026-02-05,Soft Cotton Hoodie in Violet - Purple / Large,1,restocked
R5786,#E6662,2026-02-06,Beanie - Red,1,restocked
R5791,#E6731,2026-02-06,Hoodie - Medium / Green,1,restocked
R5794,#E6736,2026-02-06,Puffer - Large / Red,1,restocked
R5795,#E6742,2026-02-06,Women's Crewneck - Small / Ocean,1,restocked
R5803,#E6772,2026-02-06,Women's Crewneck - Large / Olive,1,restocked
R5813,#E6814,2026-02-06,Puffer - Large / Ocean,1,restocked
R5824,#E6905,2026-02-06,Men's T-shirt - Small / Green,1,restocked
R5806,#E6794,2026-02-07,Canvas Sneakers - 12 / Olive,1,restocked
R5809,#E6804,2026-02-07,Hoodie - Large / Olive,1,restocked
R5817,#E6836,2026-02-07,Hoodie - Medium / Red,1,restocked
R5861,#E7178,2026-02-07,Women's Crewneck - Medium / Red,1,restocked
R5800,#E6756,2026-02-08,High Top Sneakers - 9,1,restocked
R5830,#E6955,2026-02-08,Hoodie - Ocean / Large,1,restocked
R5837,#E6990,2026-02-08,Puffer Jacket - Large / Green,1,restocked
R5847,#E7086,2026-02-08,Men's T-shirt - X-Large / Purple,1,restocked
R5848,#E7106,2026-02-08,Women's Crewneck - Large / Green,2,restocked
R5858,#E7161,2026-02-08,Canvas Sneakers - 5 / Ocean,1,restocked
R5867,#E7205,2026-02-08,Hoodie - Ocean / X-Large,2,restocked
R5798,#E6752,2026-02-09,Men's T-shirt - X-Large / Green,1,restocked
R5802,#E6767,2026-02-09,Hoodie - Medium / Olive,1,restocked
R5826,#E6945,2026-02-09,Sweatpants - Medium / Red,1,restocked
R5801,#E6766,2026-02-10,Leggings - Small / Green,1,restocked
R5808,#E6803,2026-02-10,Canvas Sneakers - 10 / Purple,1,restocked
R5811,#E6810,2026-02-10,Men's Crewneck - Large / Ocean,1,restocked
R5845,#E7080,2026-02-10,Sweatpants - Large / Olive,2,restocked
R5807,#E6801,2026-02-11,Sweatpants - Small / Green,1,restocked
R5823,#E6901,2026-02-11,Sweatpants - Medium / Red,1,restocked
R5827,#E6947,2026-02-11,Soft Cotton Hoodie in Violet - Purple / Small,1,restocked
R5844,#E7080,2026-02-11,Women's Crewneck - Large / Olive,1,restocked
R5862,#E7180,2026-02-11,Women's Crewneck - Medium / Purple,1,restocked
R5872,#E7241,2026-02-11,Women's Crewneck - Large / Olive,1,restocked
R5876,#E7294,2026-02-11,Puffer Jacket - Medium / Ocean,1,restocked
R5825,#E6936,2026-02-12,Hoodie - Small / Olive,1,restocked
R5843,#E7076,2026-02-12,Women's Crewneck - Medium / Red,1,restocked
R5855,#E7144,2026-02-12,Leggings - Medium / Green,1,restocked
R5859,#E7169,2026-02-12,Canvas Sneakers - 12 / Green,1,restocked
R5860,#E7175,2026-02-12,Hoodie - Medium / Green,1,restocked
R5871,#E7235,2026-02-12,Hoodie - Small / Ocean,1,restocked
R5879,#E7313,2026-02-12,Half Zip - Small / Green,1,restocked
R5822,#E6900,2026-02-13,Hoodie - Clay / X-Large,1,restocked
R5828,#E6953,2026-02-13,Men's T-shirt - Small / Olive,2,restocked
R5840,#E7051,2026-02-13,Soft Cotton Hoodie in Jam - Red / Small,1,restocked
R5850,#E7120,2026-02-13,Gray Leather Sneakers - 11,1,restocked
R5851,#E7128,2026-02-13,Sweatpants - Small / Olive,1,restocked
R5889,#E7416,2026-02-13,Soft Cotton Hoodie in Clay - Clay / Small,2,restocked
R5863,#E7183,2026-02-14,Hoodie - Medium / Red,2,restocked
R5887,#E7389,2026-02-14,Sweatpants - Medium / Olive,1,restocked
R5856,#E7155,2026-02-15,Hoodie - Medium / Ocean,2,restocked
R5883,#E7346,2026-02-15,Women's Crewneck - Medium / Ocean,1,restocked
R5891,#E7431,2026-02-15,Hoodie - Large / Olive,1,restocked
R5834,#E6978,2026-02-16,Men's T-shirt - Large / Red,1,restocked
R5841,#E7053,2026-02-16,Beanie - Green,2,restocked
R5842,#E7071,2026-02-16,Soft Cotton Hoodie in Clay - Clay / Small,1,restocked
R5854,#E7138,2026-02-16,Men's T-shirt - X-Large / Green,1,restocked
R5857,#E7161,2026-02-16,Puffer - Medium / Olive,1,restocked
R5869,#E7210,2026-02-16,Soft Cotton Hoodie in Clay - Clay / Medium,1,restocked
R5870,#E7234,2026-02-16,Soft Cotton Hoodie in Clay - Clay / Medium,1,restocked
R5875,#E7293,2026-02-16,Hoodie - Medium / Red,1,restocked
R5898,#E7513,2026-02-16,Soft Cotton Hoodie in Ocean - Ocean / Small,1,restocked
R5839,#E7037,2026-02-17,Half Zip - Large / Ocean,1,restocked
R5846,#E7084,2026-02-17,Women's Crewneck - Medium / Ocean,1,restocked
R5852,#E7129,2026-02-17,Men's T-shirt - Small / Olive,1,restocked
R5864,#E7185,2026-02-17,Hoodie - Large / Purple,1,restocked
R5865,#E7194,2026-02-17,Men's T-shirt - Medium / Green,1,restocked
R5868,#E7207,2026-02-17,Puffer Jacket - Medium / Olive,1,restocked
R5877,#E7297,2026-02-17,Canvas Sneakers - 5 / Olive,1,restocked
R5893,#E7456,2026-02-17,Soft Cotton Hoodie in Ocean - Ocean / Small,1,restocked
R5895,#E7478,2026-02-17,Men's T-shirt - Medium / Green,1,restocked
R5849,#E7111,2026-02-18,Hoodie - Clay / Large,1,restocked
R5853,#E7130,2026-02-18,Men's T-shirt - Large / Green,1,restocked
R5873,#E7253,2026-02-18,Men's T-shirt - Large / Red,1,restocked
R5866,#E7199,2026-02-19,Canvas Sneakers - 5 / Olive,1,restocked
R5892,#E7447,2026-02-19,Leggings - Large / Purple,1,restocked
R5896,#E7480,2026-02-19,Gray Leather Sneakers - 9,1,restocked
R5911,#E7577,2026-02-19,Men's Crewneck - Large / Olive,2,restocked
R5874,#E7254,2026-02-20,Sweatpants - Medium / Olive,1,restocked
R5881,#E7320,2026-02-20,Soft Cotton Hoodie in Ocean - Ocean / Small,1,restocked
R5886,#E7368,2026-02-20,Hoodie - Small / Red,1,restocked
R5907,#E7562,2026-02-20,Men's T-shirt - Medium / Olive,1,restocked
R5917,#E7644,2026-02-20,Men's Crewneck - Medium / Olive,1,restocked
R5922,#E7688,2026-02-20,Puffer Jacket - Medium / Red,1,restocked
R5878,#E7298,2026-02-21,Men's T-shirt - Medium / Purple,1,restocked
R5880,#E7316,2026-02-21,Women's Crewneck - Medium / Ocean,1,restocked
R5884,#E7349,2026-02-21,Men's Crewneck - Medium / Purple,1,restocked
R5923,#E7694,2026-02-21,Hoodie - Red / Large,1,restocked
R5926,#E7724,2026-02-21,Hoodie - Red / Medium,1,restocked
R5903,#E7537,2026-02-22,Puffer Jacket - Medium / Green,1,restocked
R5924,#E7699,2026-02-22,Puffer Jacket - Large / Purple,1,restocked
R5882,#E7341,2026-02-23,Puffer - Small / Olive,1,restocked
R5894,#E7469,2026-02-23,Soft Cotton Hoodie in Jam - Red / Medium,1,restocked
R5897,#E7492,2026-02-23,Hoodie - Clay / Large,1,restocked
R5908,#E7562,2026-02-23,White Leather Sneakers - 8,1,restocked
R5915,#E7605,2026-02-23,Sweatpants - Small / Olive,1,restocked
R5888,#E7403,2026-02-24,Hoodie - Large / Red,1,restocked
R5890,#E7427,2026-02-24,Hoodie - Medium / Ocean,1,restocked
R5901,#E7530,2026-02-24,Puffer Jacket - Large / Red,1,restocked
R5904,#E7555,2026-02-24,Puffer Jacket - Medium / Olive,1,restocked
R5918,#E7658,2026-02-24,Hoodie - Red / Large,1,restocked
R5925,#E7700,2026-02-24,Hoodie - Purple / X-Large,1,restocked
R5885,#E7363,2026-02-25,Hoodie - Clay / Large,1,restocked
R5906,#E7558,2026-02-25,Men's T-shirt - Large / Red,1,restocked
R5909,#E7571,2026-02-25,Hoodie - Medium / Ocean,1,restocked
R5914,#E7598,2026-02-25,Puffer - Large / Red,1,restocked
R5940,#E7854,2026-02-25,Sweatpants - Medium / Ocean,1,restocked
R5899,#E7519,2026-02-26,Hoodie - Clay / Medium,1,restocked
R5905,#E7557,2026-02-26,Soft Cotton Hoodie in Clay - Clay / Large,1,restocked
R5900,#E7520,2026-02-27,Canvas Sneakers - 7 / Purple,1,restocked
R5902,#E7535,2026-02-27,Men's Crewneck - Medium / Olive,1,restocked
R5916,#E7637,2026-02-27,Soft Cotton Hoodie in Violet - Purple / Large,1,restocked
R5927,#E7731,2026-02-27,Men's T-shirt - Medium / Red,1,restocked
R5938,#E7845,2026-02-28,Hoodie - Clay / Small,1,restocked
R5951,#E7979,2026-02-28,Women's Crewneck - Large / Olive,1,restocked
R5912,#E7586,2026-03-01,Soft Cotton Hoodie in Clay - Clay / Medium,1,restocked
R5920,#E7665,2026-03-01,Men's Crewneck - Medium / Red,1,restocked
R5939,#E7847,2026-03-01,Hoodie - Clay / X-Large,1,restocked
R5930,#E7748,2026-03-02,Men's T-shirt - Medium / Ocean,1,restocked
R5964,#E8057,2026-03-02,Hoodie - Ocean / Large,1,restocked
R5913,#E7589,2026-03-03,Sweatpants - Large / Olive,1,restocked
R5936,#E7797,2026-03-03,Hoodie - Green / Medium,1,restocked
R5969,#E8080,2026-03-03,Leggings - Small / Ocean,1,restocked
R5910,#E7573,2026-03-04,Hoodie - Clay / Medium,1,restocked
R5919,#E7660,2026-03-04,Men's Crewneck - Medium / Olive,1,restocked
R5931,#E7759,2026-03-04,Hoodie - Clay / Large,1,restocked
R5937,#E7803,2026-03-04,Soft Cotton Hoodie in Violet - Purple / Small,2,restocked
R5956,#E8023,2026-03-04,Hoodie - Ocean / X-Large,1,restocked
R5934,#E7789,2026-03-05,Canvas Sneakers - 4 / Green,1,restocked
R5935,#E7796,2026-03-05,Hoodie - Green / Large,1,restocked
R5946,#E7923,2026-03-05,Men's T-shirt - Small / Ocean,1,restocked
R5948,#E7942,2026-03-05,Men's T-shirt - Medium / Red,1,restocked
R5959,#E8034,2026-03-05,Hoodie - Medium / Ocean,1,restocked
R5963,#E8053,2026-03-05,Women's Crewneck - Medium / Ocean,1,restocked
R5965,#E8059,2026-03-05,Gray Runners - 11,1,restocked
R5971,#E8092,2026-03-05,Puffer - Medium / Green,1,restocked
R5973,#E8101,2026-03-05,Men's T-shirt - Medium / Olive,1,restocked
R5974,#E8105,2026-03-05,Women's Crewneck - Small / Green,1,restocked
R5984,#E8175,2026-03-05,Hoodie - Medium / Ocean,1,restocked
R5985,#E8175,2026-03-05,Canvas Sneakers - 5 / Olive,1,restocked
R5987,#E8192,2026-03-05,Hoodie - Purple / Small,1,restocked
R5921,#E7674,2026-03-06,Men's Crewneck - Medium / Ocean,1,restocked
R5929,#E7744,2026-03-06,Hoodie - Small / Purple,1,restocked
R5932,#E7774,2026-03-06,Canvas Sneakers - 6 / Olive,1,restocked
R5941,#E7887,2026-03-06,Soft Cotton Hoodie in Clay - Clay / Large,1,restocked
R5943,#E7903,2026-03-06,Men's Crewneck - Large / Olive,1,restocked
R5944,#E7903,2026-03-06,Hoodie - Large / Ocean,1,restocked
R5950,#E7953,2026-03-06,Canvas Sneakers - 7 / Ocean,2,restocked
R5952,#E7997,2026-03-06,Hoodie - Large / Olive,1,restocked
R5953,#E8011,2026-03-06,Hoodie - Large / Olive,1,restocked
R5955,#E8016,2026-03-06,Women's Crewneck - Medium / Olive,2,restocked
R5996,#E8236,2026-03-06,White Leather Sneakers - 6,1,restocked
R5960,#E8043,2026-03-07,Puffer - Medium / Olive,1,restocked
R5980,#E8158,2026-03-07,Canvas Sneakers - 4 / Red,1,restocked
R5983,#E8170,2026-03-07,Puffer Jacket - Medium / Purple,1,restocked
R5990,#E8206,2026-03-07,Leggings - Large / Ocean,2,restocked
R5928,#E7743,2026-03-08,Sweatpants - Medium / Red,1,restocked
R5933,#E7785,2026-03-08,Soft Cotton Hoodie in Clay - Clay / Small,1,restocked
R6009,#E8331,2026-03-08,Hoodie - Clay / Large,1,restocked
R5945,#E7914,2026-03-09,Hoodie - Large / Ocean,1,restocked
R5954,#E8014,2026-03-09,Soft Cotton Hoodie in Jam - Red / Small,1,restocked
R5957,#E8032,2026-03-09,Hoodie - Large / Purple,1,restocked
R5967,#E8073,2026-03-09,Canvas Sneakers - 8 / Purple,1,restocked
R5970,#E8092,2026-03-09,Gray Runners - 10,1,restocked
R5975,#E8108,2026-03-09,Sweatpants - Small / Olive,1,restocked
R5994,#E8227,2026-03-09,Men's Crewneck - Large / Red,1,restocked
R5995,#E8232,2026-03-09,Soft Cotton Hoodie in Jam - Red / Large,1,restocked
R5986,#E8192,2026-03-10,Sweatpants - Medium / Red,1,restocked
R6006,#E8319,2026-03-10,Men's T-shirt - Small / Ocean,2,restocked
R6020,#E8382,2026-03-10,Half Zip - Large / Ocean,1,restocked
R5961,#E8044,2026-03-11,Soft Cotton Hoodie in Green - Green / Large,1,restocked
R5991,#E8207,2026-03-11,Men's T-shirt - X-Large / Green,1,restocked
R5997,#E8240,2026-03-11,Puffer - Large / Ocean,1,restocked
R6011,#E8340,2026-03-11,Men's Crewneck - Small / Ocean,1,restocked
R6022,#E8385,2026-03-11,Women's Crewneck - Large / Purple,1,restocked
R5942,#E7899,2026-03-12,Hoodie - Purple / X-Large,1,restocked
R5947,#E7926,2026-03-12,Sweatpants - Large / Ocean,1,restocked
R5949,#E7942,2026-03-12,Hoodie - Large / Olive,1,restocked
R5962,#E8052,2026-03-12,Hoodie - Ocean / Small,1,restocked
R5977,#E8126,2026-03-12,Soft Cotton Hoodie in Violet - Purple / Small,1,restocked
R5993,#E8214,2026-03-12,Soft Cotton Hoodie in Clay - Clay / Medium,1,restocked
R6013,#E8347,2026-03-12,Half Zip - Large / Olive,1,restocked
R5978,#E8129,2026-03-13,Men's Crewneck - Medium / Ocean,1,restocked
R6008,#E8329,2026-03-13,Men's T-shirt - X-Large / Red,1,restocked
R6023,#E8387,2026-03-13,Canvas Sneakers - 6 / Red,1,restocked
R6029,#E8421,2026-03-13,Men's Crewneck - Medium / Green,1,restocked
R5958,#E8033,2026-03-14,Puffer - Medium / Red,1,restocked
R5966,#E8062,2026-03-14,Leggings - Small / Purple,1,restocked
R6001,#E8276,2026-03-14,Canvas Sneakers - 10 / Green,1,restocked
R6015,#E8353,2026-03-14,Workout Shirt - Medium / Red,1,restocked
R6016,#E8359,2026-03-14,Women's T-shirt - Small / Purple,1,restocked
R6036,#E8459,2026-03-14,Hoodie - Clay / Large,1,restocked
R5968,#E8076,2026-03-15,Leggings - Large / Olive,1,restocked
R6000,#E8265,2026-03-15,Men's T-shirt - Large / Ocean,1,restocked
R6027,#E8409,2026-03-15,Workout Shirt - Medium / Red,1,restocked
R6030,#E8421,2026-03-15,Men's T-shirt - Large / Red,1,restocked
R6038,#E8466,2026-03-15,Shorts - Small / Red,2,restocked
R6040,#E8500,2026-03-15,Women's T-shirt - Large / Green,1,restocked
R6042,#E8514,2026-03-15,Canvas Sneakers - 5 / Olive,1,restocked
R6049,#E8573,2026-03-15,Gray Runners - 5,1,restocked
R5972,#E8093,2026-03-16,Puffer Jacket - Large / Olive,1,restocked
R5976,#E8119,2026-03-16,Women's Crewneck - Medium / Olive,1,restocked
R5998,#E8249,2026-03-16,Hoodie - Medium / Ocean,1,restocked
R6019,#E8376,2026-03-16,Women's Crewneck - Medium / Ocean,1,restocked
R6025,#E8404,2026-03-16,Men's T-shirt - Medium / Green,1,restocked
R6026,#E8404,2026-03-16,Shorts - Large / Green,1,restocked
R6045,#E8533,2026-03-16,Women's Crewneck - Medium / Olive,2,restocked
R5979,#E8144,2026-03-17,Men's Crewneck - Small / Ocean,1,restocked
R5989,#E8204,2026-03-17,Canvas Sneakers - 11 / Red,1,restocked
R6002,#E8293,2026-03-17,High Top Sneakers - 7,1,restocked
R6004,#E8300,2026-03-17,Soft Cotton Hoodie in Clay - Clay / Large,1,restocked
R6034,#E8454,2026-03-17,Hoodie - Clay / Medium,1,restocked
R6043,#E8522,2026-03-17,Hoodie - Medium / Ocean,1,restocked
R6044,#E8525,2026-03-17,Canvas Sneakers - 8 / Ocean,1,restocked
R6063,#E8666,2026-03-17,Canvas Sneakers - 12 / Ocean,1,restocked
R5982,#E8167,2026-03-18,Men's T-shirt - Small / Olive,2,restocked
R5988,#E8198,2026-03-18,Sweatpants - Small / Ocean,1,restocked
R6012,#E8341,2026-03-18,Men's Crewneck - Medium / Green,1,restocked
R6039,#E8475,2026-03-18,Gray Leather Sneakers - 4,2,restocked
R5981,#E8159,2026-03-19,Men's T-shirt - X-Large / Olive,1,restocked
R6010,#E8336,2026-03-19,Men's T-shirt - Medium / Red,1,restocked
R6024,#E8394,2026-03-19,Women's Crewneck - Large / Green,1,restocked
R6046,#E8534,2026-03-19,Hoodie - Medium / Purple,2,restocked
R6073,#E8751,2026-03-19,Canvas Sneakers - 7 / Green,1,restocked
R5992,#E8213,2026-03-20,Leggings - Medium / Green,1,restocked
R6003,#E8298,2026-03-20,Hoodie - Ocean / Medium,1,restocked
R6014,#E8352,2026-03-20,Slides - Small,1,restocked
R6075,#E8795,2026-03-20,Hoodie - Red / Medium,1,restocked
R5999,#E8263,2026-03-21,Gray Leather Sneakers - 6,1,restocked
R6007,#E8326,2026-03-21,Men's T-shirt - Medium / Green,1,restocked
R6017,#E8359,2026-03-21,Puffer - Medium / Ocean,1,restocked
R6032,#E8452,2026-03-21,Men's Crewneck - Medium / Green,1,restocked
R6041,#E8507,2026-03-21,Men's T-shirt - Small / Red,1,restocked
R6050,#E8586,2026-03-21,Hoodie - Medium / Ocean,1,restocked
R6055,#E8628,2026-03-21,Men's T-shirt - Medium / Green,1,restocked
R6072,#E8750,2026-03-21,Women's Crewneck - Large / Red,1,restocked
R6005,#E8313,2026-03-22,Canvas Sneakers - 9 / Ocean,2,restocked
R6021,#E8384,2026-03-22,Women's T-shirt - Large / Purple,1,restocked
R6033,#E8454,2026-03-22,Gray Leather Sneakers - 10,1,restocked
R6037,#E8465,2026-03-22,Hoodie - Purple / X-Large,1,restocked
R6058,#E8643,2026-03-22,Puffer Jacket - Small / Green,1,restocked
R6053,#E8618,2026-03-23,Leggings - Large / Purple,1,restocked
R6065,#E8699,2026-03-23,Women's T-shirt - X-Large / Ocean,1,restocked
R6080,#E8848,2026-03-23,Gray Leather Sneakers - 6,1,restocked
R6018,#E8371,2026-03-24,Men's T-shirt - Large / Red,1,restocked
R6028,#E8413,2026-03-24,Half Zip - Large / Red,1,restocked
R6031,#E8430,2026-03-24,Gray Runners - 4,1,restocked
R6074,#E8794,2026-03-24,Hoodie - Purple / Small,1,restocked
R6086,#E8887,2026-03-24,Men's T-shirt - X-Large / Purple,1,restocked
R6051,#E8599,2026-03-25,Women's T-shirt - Medium / Purple,1,restocked
R6052,#E8610,2026-03-25,Sweatpants - Medium / Purple,1,restocked
R6088,#E8900,2026-03-25,Men's Crewneck - Medium / Red,1,restocked
R6035,#E8455,2026-03-26,Men's T-shirt - Medium / Purple,2,restocked
R6047,#E8540,2026-03-26,Men's Crewneck - Small / Ocean,1,restocked
R6059,#E8644,2026-03-26,Hoodie - Red / X-Large,1,restocked
R6084,#E8874,2026-03-26,Frontpack - Ocean,1,restocked
R6095,#E8978,2026-03-26,Soft Cotton Hoodie in Green - Green / Large,1,restocked
R6048,#E8556,2026-03-27,Soft Cotton Hoodie in Violet - Purple / Large,1,restocked
R6056,#E8632,2026-03-27,Women's T-shirt - Medium / Red,1,restocked
R6062,#E8664,2026-03-27,Canvas Sneakers - 4 / Purple,2,restocked
R6097,#E8982,2026-03-27,Hoodie - Small / Green,1,restocked
R6099,#E8987,2026-03-27,Gray Leather Sneakers - 10,1,restocked
R6108,#E9051,2026-03-27,Gray Runners - 5,1,restocked
R6112,#E9062,2026-03-27,White Leather Sneakers - 4,1,restocked
R6069,#E8727,2026-03-28,Women's T-shirt - Large / Ocean,1,restocked
R6079,#E8832,2026-03-28,Men's Crewneck - Medium / Olive,1,restocked
R6091,#E8932,2026-03-28,Half Zip - Large / Purple,1,restocked
R6101,#E9002,2026-03-28,Men's T-shirt - Small / Olive,1,restocked
R6107,#E9043,2026-03-28,Men's T-shirt - Medium / Olive,1,restocked
R6054,#E8620,2026-03-29,Hoodie - Large / Red,1,restocked
R6060,#E8655,2026-03-29,Hoodie - Purple / Small,1,restocked
R6061,#E8662,2026-03-29,High Top Sneakers - 6,2,restocked
R6064,#E8696,2026-03-29,Sweatpants - Small / Green,1,restocked
R6066,#E8703,2026-03-29,Canvas Sneakers - 11 / Olive,1,restocked
R6068,#E8722,2026-03-29,Canvas Sneakers - 11 / Ocean,2,restocked
R6077,#E8830,2026-03-29,Women's Crewneck - Large / Olive,1,restocked
R6087,#E8898,2026-03-29,Hoodie - Ocean / Small,1,restocked
R6089,#E8902,2026-03-29,Women's T-shirt - Large / Red,1,restocked
R6121,#E9110,2026-03-29,Leggings - Medium / Green,1,restocked
R6057,#E8640,2026-03-30,Frontpack - Ocean,1,restocked
R6071,#E8739,2026-03-30,Puffer Jacket - Large / Green,1,restocked
R6076,#E8798,2026-03-30,Puffer - Medium / Green,1,restocked
R6081,#E8850,2026-03-30,Puffer - Medium / Green,1,restocked
R6083,#E8872,2026-03-30,Women's T-shirt - Small / Olive,1,restocked
R6085,#E8879,2026-03-31,Women's Crewneck - Large / Ocean,1,restocked
R6093,#E8971,2026-03-31,Shorts - Medium / Green,1,restocked
R6102,#E9011,2026-03-31,Workout Shirt - Large / Ocean,1,restocked
R6104,#E9030,2026-03-31,Canvas Sneakers - 5 / Olive,1,restocked
R6117,#E9080,2026-03-31,Women's T-shirt - X-Large / Red,2,restocked
R6126,#E9172,2026-03-31,Women's Crewneck - Medium / Olive,1,restocked
R6067,#E8718,2026-04-01,Soft Cotton Hoodie in Clay - Clay / Medium,1,restocked
R6078,#E8832,2026-04-01,Leggings - Small / Ocean,1,restocked
R6092,#E8961,2026-04-01,Men's T-shirt - Medium / Green,1,restocked
R6106,#E9035,2026-04-01,Hoodie - X-Large / Olive,2,restocked
R6116,#E9079,2026-04-01,Men's Crewneck - Small / Olive,1,restocked
R6123,#E9124,2026-04-01,Hoodie - Small / Olive,1,restocked
R6131,#E9245,2026-04-01,Soft Cotton Hoodie in Violet - Purple / Large,2,restocked
R6134,#E9257,2026-04-01,Sweatpants - Large / Ocean,2,restocked
R6070,#E8738,2026-04-02,Women's T-shirt - Medium / Green,1,restocked
R6130,#E9226,2026-04-02,Slides - Medium,1,restocked
R6094,#E8974,2026-04-03,Workout Shirt - Small / Ocean,1,restocked
R6105,#E9032,2026-04-03,Women's Crewneck - Large / Olive,1,restocked
R6110,#E9054,2026-04-03,Shorts - Small / Olive,1,restocked
R6122,#E9110,2026-04-03,Sweatpants - Small / Green,1,restocked
R6144,#E9304,2026-04-03,Hoodie - Medium / Olive,1,restocked
R6090,#E8911,2026-04-04,Gray Runners - 6,1,restocked
R6103,#E9015,2026-04-04,Hoodie - Red / Medium,1,restocked
R6132,#E9246,2026-04-04,Hoodie - X-Large / Olive,1,restocked
R6138,#E9270,2026-04-04,Hoodie - Small / Purple,1,restocked
R6145,#E9318,2026-04-04,Men's Crewneck - Large / Olive,1,restocked
R6146,#E9329,2026-04-04,Women's Crewneck - Small / Ocean,1,restocked
R6147,#E9335,2026-04-04,Puffer - Medium / Purple,1,restocked
R6082,#E8852,2026-04-05,Hoodie - Medium / Olive,1,restocked
R6100,#E8990,2026-04-05,Canvas Sneakers - 4 / Ocean,1,restocked
R6111,#E9060,2026-04-05,Hoodie - Clay / Medium,1,restocked
R6127,#E9212,2026-04-05,Men's Crewneck - Medium / Purple,1,restocked
R6098,#E8985,2026-04-06,Soft Cotton Hoodie in Ocean - Ocean / Medium,1,restocked
R6115,#E9077,2026-04-06,Soft Cotton Hoodie in Ocean - Ocean / X-Large,1,restocked
R6136,#E9263,2026-04-06,Hoodie - Clay / X-Large,1,restocked
R6118,#E9084,2026-04-07,Frontpack - Olive,1,restocked
R6142,#E9285,2026-04-07,Half Zip - Large / Purple,1,restocked
R6149,#E9350,2026-04-07,Sweatpants - Medium / Purple,1,restocked
R6096,#E8981,2026-04-08,Women's T-shirt - Medium / Olive,1,restocked
R6113,#E9065,2026-04-08,Hoodie - Large / Olive,2,restocked
R6124,#E9141,2026-04-08,Canvas Sneakers - 4 / Red,1,restocked
R6125,#E9163,2026-04-08,Men's T-shirt - X-Large / Green,1,restocked
R6128,#E9215,2026-04-08,White Leather Sneakers - 8,1,restocked
R6129,#E9216,2026-04-08,Women's T-shirt - Small / Purple,1,restocked
R6158,#E9451,2026-04-08,Puffer Jacket - Medium / Olive,1,restocked
R6109,#E9051,2026-04-09,Hoodie - Green / Small,1,restocked
R6119,#E9097,2026-04-09,Hoodie - Large / Olive,1,restocked
R6143,#E9300,2026-04-09,Women's T-shirt - Medium / Red,1,restocked
R6114,#E9066,2026-04-10,Canvas Sneakers - 6 / Red,1,restocked
R6120,#E9100,2026-04-10,Leggings - Large / Ocean,1,restocked
R6148,#E9349,2026-04-10,Men's T-shirt - Large / Olive,1,restocked
R6160,#E9495,2026-04-10,Women's T-shirt - X-Large / Red,1,restocked
R6151,#E9388,2026-04-11,Men's Crewneck - Medium / Red,1,restocked
R6154,#E9439,2026-04-11,Soft Cotton Hoodie in Ocean - Ocean / Large,1,restocked
R6165,#E9536,2026-04-11,Women's T-shirt - Large / Ocean,1,restocked
R6169,#E9576,2026-04-11,Men's T-shirt - X-Large / Red,1,restocked
R6170,#E9580,2026-04-11,White Leather Sneakers - 4,1,restocked
R6137,#E9267,2026-04-12,Hoodie - Small / Green,1,restocked
R6140,#E9274,2026-04-12,Women's T-shirt - Medium / Purple,1,restocked
R6152,#E9397,2026-04-12,Women's T-shirt - Large / Ocean,1,restocked
R6168,#E9570,2026-04-12,High Top Sneakers - 8,1,restocked
R6172,#E9589,2026-04-12,Canvas Sneakers - 6 / Green,1,restocked
R6141,#E9275,2026-04-13,Women's T-shirt - X-Large / Red,1,restocked
R6156,#E9446,2026-04-13,Hoodie - Purple / Medium,2,restocked
R6186,#E9712,2026-04-13,Women's T-shirt - Medium / Red,1,restocked
R6135,#E9258,2026-04-14,Soft Cotton Hoodie in Jam - Red / Medium,1,restocked
R6164,#E9533,2026-04-14,Women's T-shirt - X-Large / Red,1,restocked
R6174,#E9606,2026-04-14,Canvas Sneakers - 12 / Red,1,restocked
R6177,#E9626,2026-04-14,Men's T-shirt - Large / Olive,1,restocked
R6133,#E9249,2026-04-15,Workout Shirt - Medium / Olive,2,restocked
R6139,#E9273,2026-04-15,Canvas Sneakers - 12 / Ocean,1,restocked
R6150,#E9381,2026-04-15,Hoodie - Large / Olive,1,restocked
R6155,#E9442,2026-04-15,Soft Cotton Hoodie in Jam - Red / Medium,1,restocked
R6161,#E9514,2026-04-15,Women's T-shirt - Large / Purple,1,restocked
R6188,#E9725,2026-04-15,Leggings - Large / Red,1,restocked
R6153,#E9398,2026-04-16,Leggings - Large / Red,1,restocked
R6162,#E9516,2026-04-16,Women's T-shirt - Large / Green,1,restocked
R6179,#E9638,2026-04-16,Men's T-shirt - Small / Green,1,restocked
R6194,#E9761,2026-04-16,Women's T-shirt - Medium / Olive,1,restocked
R6163,#E9532,2026-04-17,Women's T-shirt - Large / Olive,1,restocked
R6181,#E9672,2026-04-17,Women's T-shirt - X-Large / Olive,1,restocked
R6187,#E9722,2026-04-17,Women's T-shirt - X-Large / Red,2,restocked
R6199,#E9781,2026-04-17,Workout Shirt - Medium / Green,1,restocked
R6167,#E9552,2026-04-18,Men's T-shirt - X-Large / Purple,1,restocked
R6204,#E9822,2026-04-18,Workout Shirt - Small / Green,1,restocked
R6215,#E9885,2026-04-18,Canvas Sneakers - 10 / Purple,1,restocked
R6157,#E9446,2026-04-19,Women's T-shirt - Small / Red,1,restocked
R6166,#E9544,2026-04-19,Shorts - Medium / Ocean,2,restocked
R6182,#E9677,2026-04-19,Shorts - Medium / Olive,1,restocked
R6195,#E9762,2026-04-19,Leggings - Large / Purple,1,restocked
R6210,#E9854,2026-04-19,Women's T-shirt - Large / Olive,1,restocked
R6220,#E9913,2026-04-19,Canvas Sneakers - 7 / Red,1,restocked
R6222,#E9920,2026-04-19,Leggings - Small / Ocean,1,restocked
R6159,#E9461,2026-04-20,Women's T-shirt - X-Large / Ocean,2,restocked
R6190,#E9738,2026-04-20,Men's T-shirt - Medium / Green,1,restocked
R6201,#E9816,2026-04-20,Workout Shirt - Small / Ocean,1,restocked
R6223,#E9929,2026-04-20,Leggings - Small / Olive,1,restocked
R6183,#E9678,2026-04-21,Women's T-shirt - X-Large / Red,1,restocked
R6198,#E9777,2026-04-21,Canvas Sneakers - 4 / Ocean,1,restocked
R6226,#E9965,2026-04-21,Men's T-shirt - Large / Ocean,1,restocked
R6176,#E9608,2026-04-22,Canvas Sneakers - 8 / Olive,2,restocked
R6213,#E9868,2026-04-22,Canvas Sneakers - 9 / Olive,1,restocked
R6214,#E9879,2026-04-22,Leggings - Medium / Olive,1,restocked
R6219,#E9912,2026-04-22,High Top Sneakers - 6,2,restocked
R6227,#E9967,2026-04-22,Canvas Sneakers - 7 / Olive,1,restocked
R6171,#E9582,2026-04-23,Workout Shirt - Large / Olive,2,restocked
R6173,#E9590,2026-04-23,High Top Sneakers - 7,1,restocked
R6178,#E9626,2026-04-23,Shorts - Small / Ocean,1,restocked
R6191,#E9741,2026-04-23,Shorts - Medium / Green,1,restocked
R6193,#E9757,2026-04-23,Women's T-shirt - Small / Ocean,1,restocked
R6197,#E9766,2026-04-23,Men's T-shirt - Small / Green,1,restocked
R6208,#E9843,2026-04-23,Shorts - Medium / Olive,1,restocked
R6211,#E9859,2026-04-23,Canvas Sneakers - 12 / Red,1,restocked
R6224,#E9932,2026-04-23,Men's T-shirt - Large / Olive,2,restocked
R6228,#E9967,2026-04-23,Men's T-shirt - Large / Ocean,1,restocked
R6175,#E9607,2026-04-24,Canvas Sneakers - 7 / Green,1,restocked
R6189,#E9731,2026-04-24,Gray Runners - 14,1,restocked
R6192,#E9754,2026-04-24,Canvas Sneakers - 4 / Ocean,1,restocked
R6196,#E9766,2026-04-24,Canvas Sneakers - 9 / Purple,1,restocked
R6218,#E9890,2026-04-24,Men's T-shirt - Small / Olive,1,restocked
R6221,#E9914,2026-04-24,Workout Shirt - Small / Green,1,restocked
R6180,#E9667,2026-04-26,Men's T-shirt - Medium / Olive,1,restocked
R6184,#E9694,2026-04-26,Canvas Sneakers - 7 / Olive,1,restocked
R6209,#E9849,2026-04-26,Workout Shirt - Large / Green,1,restocked
R6212,#E9865,2026-04-26,Men's T-shirt - Medium / Olive,1,restocked
R6216,#E9889,2026-04-26,Canvas Sneakers - 9 / Green,1,restocked
R6217,#E9890,2026-04-26,Women's T-shirt - X-Large / Ocean,1,restocked
R6244,#E10120,2026-04-26,Shorts - Small / Ocean,1,restocked
R6245,#E10147,2026-04-26,Men's T-shirt - Medium / Red,1,restocked
R6185,#E9701,2026-04-27,Women's T-shirt - Medium / Olive,1,restocked
R6200,#E9815,2026-04-27,Shorts - Medium / Green,1,restocked
R6246,#E10151,2026-04-27,Women's T-shirt - Large / Red,1,restocked
R6250,#E10190,2026-04-27,Workout Shirt - Large / Red,1,restocked
R6230,#E10021,2026-04-28,Women's T-shirt - Medium / Red,1,restocked
R6236,#E10055,2026-04-28,Gray Leather Sneakers - 7,1,restocked
R6258,#E10252,2026-04-28,Women's T-shirt - Small / Ocean,1,restocked
R6203,#E9819,2026-04-29,Leggings - Large / Ocean,1,restocked
R6202,#E9817,2026-04-30,Shorts - Small / Purple,1,restocked
R6205,#E9822,2026-04-30,Women's T-shirt - Medium / Green,1,restocked
R6232,#E10031,2026-04-30,Canvas Sneakers - 10 / Red,1,restocked
R6238,#E10064,2026-04-30,Gray Runners - 10,1,restocked
R6263,#E10276,2026-04-30,Shorts - Large / Green,2,restocked
R6265,#E10300,2026-04-30,Leggings - Medium / Olive,1,restocked
R6271,#E10326,2026-04-30,Women's T-shirt - Medium / Green,1,restocked
R6206,#E9830,2026-05-01,Men's T-shirt - Small / Ocean,1,restocked
R6207,#E9842,2026-05-01,Women's T-shirt - X-Large / Olive,1,restocked
R6231,#E10023,2026-05-01,Men's T-shirt - Medium / Olive,1,restocked
R6242,#E10098,2026-05-01,Workout Shirt - Medium / Ocean,1,restocked
R6276,#E10346,2026-05-01,Women's T-shirt - Medium / Red,1,restocked
R6278,#E10370,2026-05-01,Gray Runners - 7,1,restocked
R6237,#E10062,2026-05-02,Gray Runners - 11,1,restocked
R6241,#E10090,2026-05-02,Men's T-shirt - Small / Purple,1,restocked
R6243,#E10099,2026-05-02,Shorts - Medium / Green,1,restocked
R6248,#E10178,2026-05-02,Workout Shirt - Small / Olive,1,restocked
R6254,#E10206,2026-05-02,Men's T-shirt - X-Large / Green,1,restocked
R6272,#E10329,2026-05-02,Canvas Sneakers - 11 / Ocean,1,restocked
R6274,#E10339,2026-05-02,Women's T-shirt - X-Large / Ocean,1,restocked
R6240,#E10078,2026-05-03,Men's T-shirt - Small / Red,1,restocked
R6261,#E10271,2026-05-03,Workout Shirt - Medium / Green,2,restocked
R6282,#E10413,2026-05-03,Gray Leather Sneakers - 11,1,restocked
R6235,#E10051,2026-05-04,Men's T-shirt - Medium / Green,1,restocked
R6251,#E10196,2026-05-04,Women's T-shirt - X-Large / Ocean,1,restocked
R6253,#E10205,2026-05-04,Leggings - Medium / Green,1,restocked
R6225,#E9959,2026-05-05,Workout Shirt - Large / Olive,2,restocked
R6229,#E9974,2026-05-05,Men's T-shirt - X-Large / Green,1,restocked
R6249,#E10186,2026-05-05,Women's T-shirt - X-Large / Green,1,restocked
R6256,#E10227,2026-05-05,Gray Leather Sneakers - 5,1,restocked
R6262,#E10273,2026-05-05,Frontpack - Olive,1,restocked
R6280,#E10403,2026-05-05,Women's T-shirt - Medium / Olive,1,restocked
R6283,#E10425,2026-05-05,Gray Leather Sneakers - 11,1,restocked
R6291,#E10460,2026-05-06,Black Sunnies - Default Title,1,restocked
R6298,#E10500,2026-05-06,Canvas Sneakers - 8 / Red,2,restocked
R6233,#E10037,2026-05-07,Men's T-shirt - Small / Purple,1,restocked
R6234,#E10044,2026-05-07,Leggings - Medium / Olive,1,restocked
R6239,#E10072,2026-05-07,Shorts - Large / Green,1,restocked
R6247,#E10168,2026-05-07,Leggings - Large / Ocean,2,restocked
R6255,#E10211,2026-05-07,Canvas Sneakers - 12 / Purple,1,restocked
R6281,#E10412,2026-05-07,Women's T-shirt - X-Large / Red,1,restocked
R6304,#E10595,2026-05-07,Canvas Sneakers - 8 / Olive,1,restocked
R6259,#E10255,2026-05-08,Black Sunnies - Default Title,1,restocked
R6266,#E10302,2026-05-08,Women's T-shirt - X-Large / Ocean,1,restocked
R6252,#E10204,2026-05-09,Shorts - Medium / Red,1,restocked
R6264,#E10298,2026-05-09,White Leather Sneakers - 8,1,restocked
R6273,#E10333,2026-05-09,Shorts - Medium / Purple,2,restocked
R6287,#E10444,2026-05-09,Women's T-shirt - Large / Red,1,restocked
R6292,#E10464,2026-05-09,Women's T-shirt - Large / Olive,1,restocked
R6269,#E10319,2026-05-10,Women's T-shirt - Small / Olive,1,restocked
R6270,#E10323,2026-05-10,Canvas Sneakers - 7 / Ocean,1,restocked
R6295,#E10481,2026-05-10,Men's T-shirt - Small / Green,1,restocked
R6296,#E10484,2026-05-10,Canvas Sneakers - 8 / Red,1,restocked
R6314,#E10675,2026-05-10,Frontpack - Red,1,restocked
R6260,#E10261,2026-05-11,High Top Sneakers - 6,1,restocked
R6277,#E10357,2026-05-11,Canvas Sneakers - 4 / Purple,1,restocked
R6279,#E10399,2026-05-11,Men's T-shirt - Large / Ocean,1,restocked
R6285,#E10439,2026-05-11,High Top Sneakers - 6,1,restocked
R6288,#E10451,2026-05-11,Women's T-shirt - Medium / Olive,2,restocked
R6293,#E10464,2026-05-11,Men's T-shirt - Large / Ocean,1,restocked
R6317,#E10702,2026-05-11,White Leather Sneakers - 8,1,restocked
R6257,#E10243,2026-05-12,Leggings - Medium / Red,1,restocked
R6305,#E10595,2026-05-12,Men's T-shirt - X-Large / Green,1,restocked
R6306,#E10596,2026-05-12,Men's T-shirt - Medium / Olive,1,restocked
R6316,#E10693,2026-05-12,Women's T-shirt - Large / Purple,1,restocked
R6268,#E10315,2026-05-13,Workout Shirt - Large / Red,1,restocked
R6275,#E10345,2026-05-13,Men's T-shirt - X-Large / Ocean,1,restocked
R6284,#E10438,2026-05-13,Canvas Sneakers - 10 / Red,1,restocked
R6290,#E10459,2026-05-13,Women's T-shirt - Large / Ocean,1,restocked
R6300,#E10517,2026-05-13,Men's T-shirt - Small / Green,1,restocked
R6308,#E10611,2026-05-13,Women's T-shirt - Medium / Green,1,restocked
R6311,#E10636,2026-05-13,Men's T-shirt - X-Large / Red,1,restocked
R6322,#E10770,2026-05-13,Canvas Sneakers - 7 / Green,1,restocked
R6267,#E10304,2026-05-14,Shorts - Large / Red,1,restocked
R6286,#E10441,2026-05-14,Men's T-shirt - Large / Ocean,1,restocked
R6294,#E10476,2026-05-15,Canvas Sneakers - 12 / Purple,1,restocked
R6310,#E10632,2026-05-15,Leggings - Small / Purple,1,restocked
R6327,#E10781,2026-05-15,Workout Shirt - Small / Red,1,restocked
R6331,#E10807,2026-05-15,Men's T-shirt - X-Large / Green,1,restocked
R6289,#E10451,2026-05-16,Men's T-shirt - Large / Red,1,restocked
R6297,#E10489,2026-05-16,Women's T-shirt - Medium / Olive,1,restocked
R6301,#E10541,2026-05-16,Gray Runners - 5,1,restocked
R6312,#E10648,2026-05-16,Women's T-shirt - Medium / Ocean,1,restocked
R6323,#E10771,2026-05-16,Men's T-shirt - Small / Ocean,1,restocked
R6336,#E10870,2026-05-16,Canvas Sneakers - 12 / Ocean,1,restocked
R6309,#E10615,2026-05-17,Workout Shirt - Small / Red,1,restocked
R6319,#E10737,2026-05-17,Men's T-shirt - Medium / Red,1,restocked
R6330,#E10800,2026-05-17,Men's T-shirt - Large / Red,1,restocked
R6299,#E10500,2026-05-18,Women's T-shirt - X-Large / Green,1,restocked
R6302,#E10558,2026-05-18,Canvas Sneakers - 7 / Red,1,restocked
R6325,#E10775,2026-05-18,Women's T-shirt - X-Large / Green,1,restocked
R6326,#E10779,2026-05-18,Women's T-shirt - Small / Ocean,1,restocked
R6303,#E10572,2026-05-19,Women's T-shirt - Small / Ocean,1,restocked
R6321,#E10760,2026-05-19,Men's T-shirt - Large / Olive,1,restocked
R6334,#E10836,2026-05-19,Women's T-shirt - Small / Red,1,restocked
R6307,#E10597,2026-05-20,Women's T-shirt - Medium / Olive,1,restocked
R6320,#E10759,2026-05-20,Gray Runners - 10,1,restocked
R6349,#E11022,2026-05-20,Women's T-shirt - Small / Green,1,restocked
R6315,#E10681,2026-05-21,Women's T-shirt - Small / Purple,1,restocked
R6318,#E10702,2026-05-21,Women's T-shirt - X-Large / Olive,2,restocked
R6342,#E10939,2026-05-21,Men's T-shirt - Medium / Purple,1,restocked
R6352,#E11037,2026-05-21,Men's T-shirt - Small / Purple,1,restocked
R6351,#E11036,2026-05-22,Women's T-shirt - Large / Olive,1,restocked
R6357,#E11054,2026-05-22,Shorts - Large / Ocean,1,restocked
R6363,#E11125,2026-05-22,Shorts - Large / Purple,1,restocked
R6313,#E10664,2026-05-23,Men's T-shirt - Medium / Ocean,1,restocked
R6365,#E11135,2026-05-23,Canvas Sneakers - 11 / Ocean,1,restocked
R6324,#E10774,2026-05-24,Canvas Sneakers - 6 / Purple,1,restocked
R6329,#E10797,2026-05-24,Canvas Sneakers - 11 / Ocean,1,restocked
R6341,#E10925,2026-05-24,Men's T-shirt - Small / Ocean,1,restocked
R6364,#E11133,2026-05-24,Leggings - Medium / Ocean,1,restocked
R6368,#E11149,2026-05-24,Women's T-shirt - Large / Olive,1,restocked
R6338,#E10913,2026-05-25,Men's T-shirt - Small / Red,1,restocked
R6340,#E10925,2026-05-25,Men's T-shirt - Large / Olive,1,restocked
R6359,#E11079,2026-05-25,Women's T-shirt - Medium / Red,2,restocked
R6369,#E11149,2026-05-25,Canvas Sneakers - 10 / Olive,1,restocked
R6328,#E10790,2026-05-26,Gray Leather Sneakers - 12,1,restocked
R6333,#E10831,2026-05-26,Gray Runners - 5,1,restocked
R6335,#E10840,2026-05-26,Leggings - Large / Green,1,restocked
R6343,#E10940,2026-05-26,Women's T-shirt - Small / Purple,1,restocked
R6344,#E10942,2026-05-27,Gray Runners - 9,1,restocked
R6348,#E10964,2026-05-27,Women's T-shirt - Medium / Red,1,restocked
R6332,#E10831,2026-05-28,Slides - Small,1,restocked
R6362,#E11118,2026-05-28,Women's T-shirt - Medium / Olive,1,restocked
R6370,#E11166,2026-05-28,Men's T-shirt - Large / Ocean,1,restocked
R6376,#E11217,2026-05-28,Women's T-shirt - Small / Green,1,restocked
R6378,#E11255,2026-05-28,Men's T-shirt - Medium / Olive,1,restocked
R6391,#E11333,2026-05-28,Canvas Sneakers - 12 / Red,1,restocked
R6337,#E10893,2026-05-29,Men's T-shirt - Large / Green,1,restocked
R6345,#E10943,2026-05-29,Men's T-shirt - Medium / Ocean,1,restocked
R6374,#E11195,2026-05-29,Leggings - Small / Ocean,1,restocked
R6388,#E11304,2026-05-29,Shorts - Medium / Ocean,1,restocked
R6339,#E10923,2026-05-30,Shorts - Medium / Olive,1,restocked
R6361,#E11102,2026-05-30,Slides - Medium,1,restocked
R6377,#E11226,2026-05-30,Women's T-shirt - Small / Red,1,restocked
R6379,#E11259,2026-05-30,Men's T-shirt - Large / Red,1,restocked
R6346,#E10947,2026-05-31,Leggings - Small / Olive,1,restocked
R6366,#E11144,2026-05-31,Women's T-shirt - Large / Ocean,1,restocked
R6371,#E11167,2026-05-31,Women's T-shirt - Medium / Olive,1,restocked
R6396,#E11372,2026-05-31,Men's T-shirt - Medium / Red,1,restocked
R6401,#E11419,2026-05-31,Women's T-shirt - X-Large / Red,1,restocked
R6367,#E11146,2026-06-01,Women's T-shirt - Large / Olive,1,restocked
R6381,#E11264,2026-06-01,Men's T-shirt - Large / Olive,1,restocked
R6404,#E11432,2026-06-01,Women's T-shirt - Large / Olive,1,restocked
R6347,#E10958,2026-06-02,Men's T-shirt - Large / Purple,1,restocked
R6355,#E11049,2026-06-02,Men's T-shirt - Medium / Olive,1,restocked
R6372,#E11178,2026-06-02,Leggings - Small / Olive,1,restocked
R6373,#E11182,2026-06-02,Workout Shirt - Large / Green,1,restocked
R6380,#E11262,2026-06-02,Shorts - Large / Purple,1,restocked
R6384,#E11285,2026-06-02,Leggings - Large / Purple,1,restocked
R6399,#E11400,2026-06-02,Workout Shirt - Medium / Purple,1,restocked
R6412,#E11467,2026-06-02,Leggings - Large / Red,2,restocked
R6413,#E11481,2026-06-02,Women's T-shirt - X-Large / Green,1,restocked
R6350,#E11030,2026-06-03,Women's T-shirt - Large / Red,1,restocked
R6356,#E11053,2026-06-03,Women's T-shirt - Large / Ocean,1,restocked
R6360,#E11093,2026-06-03,Gray Runners - 14,1,restocked
R6375,#E11205,2026-06-03,Women's T-shirt - X-Large / Red,1,restocked
R6386,#E11291,2026-06-03,Women's T-shirt - Large / Olive,1,restocked
R6387,#E11294,2026-06-03,Canvas Sneakers - 6 / Purple,1,restocked
R6403,#E11430,2026-06-03,Canvas Sneakers - 9 / Ocean,1,restocked
R6405,#E11432,2026-06-03,Men's T-shirt - Medium / Purple,1,restocked
R6407,#E11440,2026-06-03,Men's T-shirt - Small / Ocean,2,restocked
R6416,#E11501,2026-06-03,Men's T-shirt - Medium / Red,1,restocked
R6353,#E11044,2026-06-04,Workout Shirt - Large / Ocean,1,restocked
R6354,#E11046,2026-06-04,High Top Sneakers - 8,1,restocked
R6358,#E11071,2026-06-04,Men's T-shirt - Small / Red,1,restocked
R6382,#E11280,2026-06-04,Women's T-shirt - Small / Purple,2,restocked
R6414,#E11489,2026-06-04,Canvas Sneakers - 7 / Purple,1,restocked
R6395,#E11365,2026-06-05,Men's T-shirt - Medium / Purple,2,restocked
R6415,#E11489,2026-06-05,Slides - Medium,1,restocked
R6400,#E11412,2026-06-06,Women's T-shirt - Medium / Red,1,restocked
R6406,#E11438,2026-06-06,Workout Shirt - Small / Ocean,1,restocked
R6422,#E11622,2026-06-06,Canvas Sneakers - 10 / Ocean,1,restocked
R6423,#E11624,2026-06-06,Men's T-shirt - X-Large / Green,1,restocked
R6425,#E11626,2026-06-06,Canvas Sneakers - 10 / Red,1,restocked
R6427,#E11640,2026-06-06,Men's T-shirt - Medium / Olive,1,restocked
R6385,#E11288,2026-06-07,Women's T-shirt - Large / Red,1,restocked
R6394,#E11359,2026-06-07,Women's T-shirt - Medium / Olive,1,restocked
R6398,#E11398,2026-06-07,Canvas Sneakers - 4 / Ocean,1,restocked
R6409,#E11455,2026-06-07,White Leather Sneakers - 6,1,restocked
R6418,#E11527,2026-06-07,Clear Sunnies - Default Title,1,restocked
R6383,#E11282,2026-06-08,Men's T-shirt - Medium / Green,1,restocked
R6432,#E11654,2026-06-08,Black Sunnies - Default Title,1,restocked
R6392,#E11335,2026-06-09,Women's T-shirt - Large / Olive,1,restocked
R6410,#E11456,2026-06-09,Women's T-shirt - X-Large / Ocean,1,restocked
R6421,#E11616,2026-06-09,Women's T-shirt - Large / Olive,1,restocked
R6402,#E11420,2026-06-10,Women's T-shirt - Small / Olive,1,restocked
R6420,#E11579,2026-06-10,Workout Shirt - Small / Olive,1,restocked
R6430,#E11649,2026-06-10,Women's T-shirt - Small / Ocean,1,restocked
R6389,#E11323,2026-06-11,Men's T-shirt - Large / Ocean,2,restocked
R6390,#E11324,2026-06-11,Women's T-shirt - Small / Purple,1,restocked
R6397,#E11388,2026-06-11,Shorts - Small / Olive,1,restocked
R6434,#E11665,2026-06-11,Women's T-shirt - Small / Olive,1,restocked
R6439,#E11709,2026-06-11,Men's T-shirt - X-Large / Red,1,restocked
R6393,#E11349,2026-06-12,Leggings - Medium / Olive,1,restocked
R6429,#E11644,2026-06-13,Leggings - Large / Ocean,1,restocked
R6458,#E11899,2026-06-13,Women's T-shirt - Large / Ocean,1,restocked
R6408,#E11453,2026-06-14,Canvas Sneakers - 5 / Purple,1,restocked
R6411,#E11459,2026-06-14,Canvas Sneakers - 6 / Purple,1,restocked
R6419,#E11533,2026-06-14,Shorts - Large / Green,1,restocked
R6433,#E11654,2026-06-14,Workout Shirt - Large / Olive,1,restocked
R6445,#E11753,2026-06-14,Men's T-shirt - Medium / Olive,1,restocked
R6446,#E11779,2026-06-14,Workout Shirt - Large / Red,1,restocked
R6441,#E11712,2026-06-15,Women's T-shirt - Medium / Olive,1,restocked
R6448,#E11819,2026-06-15,Women's T-shirt - Large / Green,1,restocked
R6417,#E11525,2026-06-16,Men's T-shirt - Small / Ocean,1,restocked
R6424,#E11626,2026-06-16,Women's T-shirt - Medium / Ocean,1,restocked
R6443,#E11725,2026-06-16,Men's T-shirt - Large / Ocean,1,restocked
R6456,#E11895,2026-06-16,Women's T-shirt - X-Large / Purple,1,restocked
R6426,#E11634,2026-06-17,Women's T-shirt - Large / Olive,1,restocked
R6428,#E11641,2026-06-17,Men's T-shirt - Small / Red,1,restocked
R6438,#E11702,2026-06-17,Leggings - Large / Green,1,restocked
R6442,#E11714,2026-06-17,Canvas Sneakers - 10 / Red,1,restocked
R6452,#E11837,2026-06-17,Women's T-shirt - Small / Green,1,restocked
R6466,#E11974,2026-06-17,Shorts - Small / Olive,1,restocked
R6471,#E12051,2026-06-17,Canvas Sneakers - 9 / Ocean,1,restocked
R6472,#E12052,2026-06-17,Men's T-shirt - Large / Green,1,restocked
R6435,#E11693,2026-06-18,Women's T-shirt - Large / Ocean,1,restocked
R6449,#E11821,2026-06-18,Men's T-shirt - Large / Ocean,1,restocked
R6454,#E11851,2026-06-18,Men's T-shirt - Small / Ocean,1,restocked
R6457,#E11898,2026-06-18,Canvas Sneakers - 4 / Red,1,restocked
R6460,#E11927,2026-06-18,Gray Leather Sneakers - 4,1,restocked
R6469,#E12011,2026-06-18,Workout Shirt - Large / Red,2,restocked
R6431,#E11653,2026-06-19,Women's T-shirt - Medium / Red,2,restocked
R6436,#E11696,2026-06-19,Canvas Sneakers - 7 / Olive,1,restocked
R6440,#E11711,2026-06-19,Leggings - Medium / Red,1,restocked
R6450,#E11825,2026-06-19,Women's T-shirt - Large / Purple,1,restocked
R6453,#E11848,2026-06-19,White Leather Sneakers - 7,1,restocked
R6483,#E12094,2026-06-19,Gray Runners - 5,1,restocked
R6437,#E11699,2026-06-20,Canvas Sneakers - 6 / Red,1,restocked
R6459,#E11908,2026-06-20,Women's T-shirt - Medium / Red,1,restocked
R6461,#E11929,2026-06-20,Men's T-shirt - X-Large / Red,1,restocked
R6473,#E12055,2026-06-20,Men's T-shirt - Medium / Purple,2,restocked
R6444,#E11729,2026-06-21,Shorts - Medium / Olive,1,restocked
R6463,#E11954,2026-06-21,Women's T-shirt - X-Large / Ocean,1,restocked
R6467,#E11997,2026-06-21,Men's T-shirt - Medium / Olive,1,restocked
R6447,#E11789,2026-06-22,Workout Shirt - Medium / Purple,1,restocked
R6465,#E11966,2026-06-22,Workout Shirt - Medium / Red,1,restocked
R6468,#E12009,2026-06-22,Women's T-shirt - X-Large / Green,1,restocked
R6484,#E12097,2026-06-22,Women's T-shirt - Large / Purple,1,restocked
R6496,#E12203,2026-06-22,Men's T-shirt - Medium / Ocean,1,restocked
R6487,#E12140,2026-06-23,Men's T-shirt - Large / Red,1,restocked
R6489,#E12153,2026-06-23,Men's T-shirt - Large / Olive,2,restocked
R6490,#E12168,2026-06-23,Women's T-shirt - X-Large / Olive,1,restocked
R6455,#E11871,2026-06-24,Men's T-shirt - Large / Ocean,1,restocked
R6462,#E11934,2026-06-24,Women's T-shirt - Medium / Ocean,1,restocked
R6498,#E12220,2026-06-24,Workout Shirt - Large / Olive,1,restocked
R6451,#E11832,2026-06-25,Canvas Sneakers - 5 / Red,1,restocked
R6464,#E11958,2026-06-25,High Top Sneakers - 10,1,restocked
R6477,#E12069,2026-06-25,Men's T-shirt - X-Large / Ocean,1,restocked
R6482,#E12087,2026-06-25,Men's T-shirt - Large / Green,1,restocked
R6488,#E12152,2026-06-25,Women's T-shirt - Medium / Purple,1,restocked
R6494,#E12193,2026-06-25,Women's T-shirt - X-Large / Olive,1,restocked
R6499,#E12251,2026-06-26,High Top Sneakers - 7,1,restocked
R6509,#E12312,2026-06-26,Men's T-shirt - Medium / Green,1,restocked
R6520,#E12390,2026-06-26,Men's T-shirt - Medium / Olive,1,restocked
R6474,#E12056,2026-06-27,Canvas Sneakers - 6 / Ocean,1,restocked
R6479,#E12076,2026-06-27,Women's T-shirt - Large / Red,1,restocked
R6491,#E12170,2026-06-27,Men's T-shirt - Medium / Ocean,1,restocked
R6503,#E12260,2026-06-27,Shorts - Medium / Green,1,restocked
R6515,#E12361,2026-06-27,Women's T-shirt - Medium / Purple,1,restocked
R6470,#E12044,2026-06-28,Men's T-shirt - Large / Ocean,1,restocked
R6481,#E12084,2026-06-28,Shorts - Small / Green,1,restocked
R6500,#E12252,2026-06-28,Women's T-shirt - Medium / Red,1,restocked
R6524,#E12415,2026-06-28,Men's T-shirt - Medium / Ocean,1,restocked
R6529,#E12446,2026-06-28,Men's T-shirt - Large / Ocean,1,restocked
R6534,#E12473,2026-06-28,Men's T-shirt - Large / Ocean,1,restocked
R6505,#E12272,2026-06-29,Men's T-shirt - Medium / Red,1,restocked
R6507,#E12302,2026-06-29,Leggings - Small / Red,1,restocked
R6513,#E12345,2026-06-29,Leggings - Small / Green,1,restocked
R6519,#E12385,2026-06-29,Women's T-shirt - Large / Red,1,restocked
R6525,#E12417,2026-06-29,Workout Shirt - Large / Purple,1,restocked
R6485,#E12098,2026-06-30,Shorts - Medium / Olive,1,restocked
R6486,#E12117,2026-06-30,Shorts - Medium / Green,1,restocked
R6492,#E12185,2026-06-30,Shorts - Small / Red,1,restocked
R6475,#E12060,2026-07-01,Canvas Sneakers - 5 / Olive,2,restocked
R6476,#E12067,2026-07-01,Women's T-shirt - Large / Green,1,restocked
R6478,#E12070,2026-07-02,Men's T-shirt - X-Large / Olive,1,restocked
R6480,#E12081,2026-07-02,Men's T-shirt - Medium / Olive,1,restocked
R6535,#E12492,2026-07-02,Men's T-shirt - Medium / Purple,1,restocked
R6541,#E12537,2026-07-02,Men's T-shirt - X-Large / Red,2,restocked
R6551,#E12617,2026-07-02,Workout Shirt - Small / Olive,1,restocked
R6493,#E12186,2026-07-03,Shorts - Small / Red,1,restocked
R6516,#E12368,2026-07-03,Workout Shirt - Medium / Olive,1,restocked
R6547,#E12573,2026-07-03,Men's T-shirt - X-Large / Red,1,restocked
R6501,#E12255,2026-07-04,Men's T-shirt - Large / Green,1,restocked
R6502,#E12258,2026-07-04,Workout Shirt - Large / Red,1,restocked
R6511,#E12336,2026-07-04,Gray Runners - 5,1,restocked
R6514,#E12361,2026-07-04,Gray Leather Sneakers - 9,1,restocked
R6517,#E12369,2026-07-04,Men's T-shirt - Medium / Green,1,restocked
R6518,#E12381,2026-07-04,Men's T-shirt - Medium / Purple,1,restocked
R6536,#E12505,2026-07-04,High Top Sneakers - 8,1,restocked
R6548,#E12582,2026-07-04,Men's T-shirt - X-Large / Green,1,restocked
R6495,#E12201,2026-07-05,Women's T-shirt - Medium / Purple,2,restocked
R6497,#E12206,2026-07-05,Women's T-shirt - Small / Ocean,1,restocked
R6506,#E12288,2026-07-05,Women's T-shirt - Medium / Ocean,1,restocked
R6508,#E12311,2026-07-05,Shorts - Medium / Ocean,1,restocked
R6510,#E12323,2026-07-05,Women's T-shirt - Medium / Red,1,restocked
R6512,#E12338,2026-07-05,Canvas Sneakers - 8 / Ocean,1,restocked
R6526,#E12428,2026-07-05,Workout Shirt - Large / Purple,2,restocked
R6537,#E12521,2026-07-05,Canvas Sneakers - 4 / Ocean,1,restocked
R6540,#E12536,2026-07-05,Men's T-shirt - Small / Red,1,restocked
R6504,#E12271,2026-07-06,Women's T-shirt - X-Large / Ocean,1,restocked
R6523,#E12414,2026-07-06,Men's T-shirt - Large / Purple,1,restocked
R6527,#E12439,2026-07-06,Men's T-shirt - Large / Olive,1,restocked
R6544,#E12551,2026-07-06,Shorts - Medium / Red,1,restocked
R6553,#E12632,2026-07-06,Women's T-shirt - Medium / Green,1,restocked
R6560,#E12704,2026-07-06,Men's T-shirt - Large / Green,1,restocked
R6566,#E12725,2026-07-06,Workout Shirt - Medium / Red,1,restocked
R6521,#E12394,2026-07-07,Women's T-shirt - Medium / Ocean,1,restocked
R6533,#E12473,2026-07-07,Workout Shirt - Small / Olive,1,restocked
R6539,#E12531,2026-07-07,Men's T-shirt - Medium / Olive,1,restocked
R6557,#E12666,2026-07-07,Workout Shirt - Large / Olive,1,restocked
R6550,#E12605,2026-07-08,Men's T-shirt - Large / Green,1,restocked
R6573,#E12778,2026-07-08,Women's T-shirt - Small / Green,1,restocked
R6522,#E12399,2026-07-09,Women's T-shirt - Large / Red,1,restocked
R6530,#E12458,2026-07-09,Leggings - Small / Purple,1,restocked
R6538,#E12530,2026-07-09,Canvas Sneakers - 4 / Green,1,restocked
R6558,#E12674,2026-07-09,Women's T-shirt - Medium / Red,1,restocked
R6564,#E12721,2026-07-09,Women's T-shirt - X-Large / Ocean,1,restocked
R6568,#E12759,2026-07-09,Women's T-shirt - Small / Red,1,restocked
R6546,#E12568,2026-07-10,Women's T-shirt - Medium / Purple,1,restocked
R6561,#E12706,2026-07-10,Women's T-shirt - Medium / Green,1,restocked
R6563,#E12716,2026-07-10,Men's T-shirt - Small / Purple,1,restocked
R6571,#E12768,2026-07-10,High Top Sneakers - 10,1,restocked
R6577,#E12807,2026-07-10,Men's T-shirt - Large / Ocean,1,restocked
R6579,#E12834,2026-07-10,Men's T-shirt - Medium / Ocean,1,restocked
R6583,#E12874,2026-07-10,Leggings - Small / Green,1,restocked
R6587,#E12894,2026-07-10,Men's T-shirt - Small / Ocean,1,restocked
R6528,#E12441,2026-07-11,Men's T-shirt - Large / Purple,1,restocked
R6531,#E12461,2026-07-11,Women's T-shirt - X-Large / Olive,1,restocked
R6532,#E12471,2026-07-11,Men's T-shirt - Medium / Green,1,restocked
R6576,#E12806,2026-07-11,Canvas Sneakers - 10 / Purple,1,restocked
R6584,#E12875,2026-07-11,Men's T-shirt - Medium / Ocean,2,restocked
R6592,#E12928,2026-07-11,Women's T-shirt - Small / Ocean,1,restocked
R6595,#E12962,2026-07-11,Women's T-shirt - Medium / Purple,2,restocked
R6552,#E12628,2026-07-12,Frontpack - Olive,2,restocked
R6567,#E12758,2026-07-12,Men's T-shirt - X-Large / Red,1,restocked
R6578,#E12811,2026-07-12,Women's T-shirt - Large / Ocean,1,restocked
R6542,#E12542,2026-07-13,Women's T-shirt - Medium / Purple,1,restocked
R6549,#E12585,2026-07-13,Workout Shirt - Medium / Olive,1,restocked
R6555,#E12640,2026-07-14,Men's T-shirt - Medium / Purple,1,restocked
R6574,#E12791,2026-07-14,Men's T-shirt - Medium / Green,1,restocked
R6543,#E12543,2026-07-15,Canvas Sneakers - 9 / Olive,1,restocked
R6545,#E12566,2026-07-15,Leggings - Small / Purple,1,restocked
R6554,#E12639,2026-07-15,Women's T-shirt - Large / Green,1,restocked
R6569,#E12764,2026-07-15,Men's T-shirt - Small / Green,2,restocked
R6570,#E12767,2026-07-15,Women's T-shirt - Large / Green,1,restocked
R6586,#E12891,2026-07-15,Gray Runners - 10,1,restocked
R6556,#E12660,2026-07-16,Men's T-shirt - Small / Green,1,restocked
R6559,#E12700,2026-07-16,Men's T-shirt - Medium / Ocean,2,restocked
R6562,#E12711,2026-07-16,Leggings - Small / Red,1,restocked
R6581,#E12845,2026-07-16,Women's T-shirt - Medium / Ocean,1,restocked
R6589,#E12903,2026-07-16,Canvas Sneakers - 9 / Purple,1,restocked
R6594,#E12952,2026-07-16,Gray Runners - 11,1,restocked
R6572,#E12775,2026-07-17,Men's T-shirt - X-Large / Purple,1,restocked
R6575,#E12799,2026-07-17,Women's T-shirt - Small / Red,1,restocked
R6597,#E12990,2026-07-17,Leggings - Medium / Olive,1,restocked
R6565,#E12721,2026-07-18,Women's T-shirt - Medium / Ocean,1,restocked
R6598,#E13006,2026-07-18,Shorts - Medium / Ocean,1,restocked
R6602,#E13025,2026-07-18,Women's T-shirt - Medium / Ocean,1,restocked
R6612,#E13104,2026-07-18,Slides - Large,1,restocked
R6615,#E13117,2026-07-18,Women's T-shirt - Large / Ocean,1,restocked
R6600,#E13011,2026-07-19,Workout Shirt - Large / Purple,2,restocked
R6610,#E13087,2026-07-19,Women's T-shirt - Medium / Olive,1,restocked
R6611,#E13097,2026-07-19,Shorts - Small / Olive,2,restocked
R6582,#E12858,2026-07-20,Workout Shirt - Medium / Olive,1,restocked
R6588,#E12899,2026-07-20,Shorts - Medium / Red,1,restocked
R6591,#E12926,2026-07-20,Men's T-shirt - Medium / Olive,1,restocked
R6601,#E13012,2026-07-20,Men's T-shirt - Medium / Olive,1,restocked
R6605,#E13047,2026-07-20,Workout Shirt - Large / Red,1,restocked
R6629,#E13268,2026-07-20,Men's T-shirt - Medium / Purple,1,restocked
R6580,#E12842,2026-07-21,Men's T-shirt - X-Large / Red,1,restocked
R6604,#E13047,2026-07-21,Men's T-shirt - Small / Olive,1,restocked
R6616,#E13120,2026-07-21,Women's T-shirt - Small / Purple,1,restocked
R6619,#E13177,2026-07-21,Women's T-shirt - Small / Ocean,1,restocked
R6620,#E13186,2026-07-21,Canvas Sneakers - 10 / Olive,1,restocked
R6624,#E13231,2026-07-21,Men's T-shirt - Small / Purple,1,restocked
R6627,#E13259,2026-07-21,Workout Shirt - Small / Ocean,1,restocked
R6632,#E13296,2026-07-21,White Leather Sneakers - 4,1,restocked
R6593,#E12946,2026-07-22,Women's T-shirt - Medium / Green,1,restocked
R6613,#E13105,2026-07-22,Men's T-shirt - Medium / Green,1,restocked
R6630,#E13273,2026-07-22,Men's T-shirt - Medium / Olive,1,restocked
R6641,#E13318,2026-07-22,Workout Shirt - Large / Green,1,restocked
R6585,#E12877,2026-07-23,Men's T-shirt - Small / Red,2,restocked
R6617,#E13124,2026-07-23,Canvas Sneakers - 8 / Red,1,restocked
R6626,#E13250,2026-07-23,Women's T-shirt - Small / Purple,2,restocked
R6646,#E13374,2026-07-23,Women's T-shirt - Medium / Ocean,1,restocked
R6590,#E12915,2026-07-24,Women's T-shirt - Medium / Olive,1,restocked
R6603,#E13032,2026-07-24,Gray Runners - 8,1,restocked
R6656,#E13430,2026-07-24,Canvas Sneakers - 10 / Purple,1,restocked
R6599,#E13008,2026-07-25,Women's T-shirt - Small / Ocean,1,restocked
R6621,#E13201,2026-07-25,High Top Sneakers - 7,1,restocked
R6622,#E13206,2026-07-25,Shorts - Large / Purple,1,restocked
R6649,#E13397,2026-07-25,Workout Shirt - Medium / Ocean,1,restocked
R6596,#E12989,2026-07-26,Men's T-shirt - Medium / Purple,2,restocked
R6607,#E13062,2026-07-26,Women's T-shirt - Medium / Purple,1,restocked
R6608,#E13072,2026-07-26,Shorts - Large / Green,1,restocked
R6625,#E13247,2026-07-26,Gray Runners - 7,1,restocked
R6660,#E13452,2026-07-26,Shorts - Medium / Ocean,1,restocked
R6665,#E13490,2026-07-26,Women's T-shirt - Large / Ocean,1,restocked
R6637,#E13310,2026-07-27,Men's T-shirt - Large / Ocean,1,restocked
R6643,#E13331,2026-07-27,Canvas Sneakers - 10 / Olive,1,restocked
R6666,#E13493,2026-07-27,Women's T-shirt - Large / Olive,1,restocked
R6606,#E13053,2026-07-28,Women's T-shirt - X-Large / Red,1,restocked
R6609,#E13079,2026-07-28,Women's T-shirt - Medium / Red,2,restocked
R6614,#E13107,2026-07-28,Women's T-shirt - Medium / Ocean,1,restocked
R6623,#E13216,2026-07-28,Men's T-shirt - Small / Ocean,1,restocked
R6661,#E13453,2026-07-28,Men's T-shirt - Large / Ocean,2,restocked
R6664,#E13488,2026-07-28,Women's T-shirt - Large / Red,1,restocked
R6670,#E13526,2026-07-28,Canvas Sneakers - 10 / Olive,1,restocked
R6671,#E13551,2026-07-28,Men's T-shirt - Large / Purple,1,restocked
R6618,#E13174,2026-07-29,Men's T-shirt - Medium / Green,2,restocked
R6636,#E13303,2026-07-29,Men's T-shirt - Medium / Purple,1,restocked
R6652,#E13405,2026-07-29,Men's T-shirt - Large / Olive,1,restocked
R6653,#E13406,2026-07-29,Gray Runners - 14,1,restocked
R6631,#E13286,2026-07-30,Women's T-shirt - Small / Purple,1,restocked
R6634,#E13301,2026-07-30,Shorts - Medium / Ocean,1,restocked
R6644,#E13342,2026-07-30,Shorts - Medium / Ocean,1,restocked
R6682,#E13623,2026-07-30,Women's T-shirt - Medium / Red,2,restocked
R6647,#E13389,2026-07-31,Men's T-shirt - X-Large / Green,1,restocked
R6633,#E13298,2026-08-01,Men's T-shirt - Large / Red,1,restocked
R6635,#E13302,2026-08-01,Gray Runners - 14,2,restocked
R6651,#E13400,2026-08-01,Men's T-shirt - Medium / Red,2,restocked
R6662,#E13461,2026-08-01,Women's T-shirt - Small / Green,1,restocked
R6676,#E13601,2026-08-01,Gray Runners - 7,1,restocked
R6677,#E13608,2026-08-01,Women's T-shirt - Medium / Olive,1,restocked
R6683,#E13628,2026-08-01,Women's T-shirt - Small / Ocean,1,restocked
R6689,#E13695,2026-08-01,Shorts - Medium / Ocean,1,restocked
R6628,#E13263,2026-08-02,Shorts - Medium / Green,1,restocked
R6640,#E13317,2026-08-02,Women's T-shirt - X-Large / Olive,1,restocked
R6648,#E13395,2026-08-02,Women's T-shirt - Medium / Ocean,1,restocked
R6663,#E13486,2026-08-02,Men's T-shirt - Medium / Green,1,restocked
R6679,#E13612,2026-08-02,Men's T-shirt - Small / Red,1,restocked
R6638,#E13311,2026-08-03,Women's T-shirt - Small / Purple,2,restocked
R6645,#E13353,2026-08-03,Men's T-shirt - Large / Ocean,1,restocked
R6669,#E13525,2026-08-03,Women's T-shirt - Large / Olive,1,restocked
R6694,#E13713,2026-08-03,Men's T-shirt - Small / Green,1,restocked
R6699,#E13769,2026-08-03,Men's T-shirt - Large / Ocean,1,restocked
R6982,#E20579,2026-08-03,Men's T-shirt - Medium / Green,1,restocked
R6639,#E13312,2026-08-04,Men's T-shirt - Medium / Ocean,1,restocked
R6681,#E13618,2026-08-04,Slides - Large,1,restocked
R6688,#E13677,2026-08-04,Women's T-shirt - Large / Red,1,restocked
R6701,#E13790,2026-08-04,Men's T-shirt - Large / Ocean,1,restocked
R6980,#E20861,2026-08-04,Men's T-shirt - Medium / Green,1,restocked
R6642,#E13328,2026-08-05,Canvas Sneakers - 8 / Olive,1,restocked
R6650,#E13399,2026-08-05,Shorts - Small / Green,2,restocked
R6657,#E13434,2026-08-05,Leggings - Large / Green,1,restocked
R6658,#E13447,2026-08-05,Women's T-shirt - Medium / Green,2,restocked
R6659,#E13448,2026-08-05,Women's T-shirt - Large / Ocean,1,restocked
R6667,#E13517,2026-08-05,Women's T-shirt - X-Large / Red,2,restocked
R6708,#E13832,2026-08-05,Shorts - Large / Ocean,1,restocked
R6712,#E13847,2026-08-05,Women's T-shirt - Small / Purple,1,restocked
R6713,#E13850,2026-08-05,Leggings - Medium / Olive,1,restocked
R6717,#E13869,2026-08-05,Workout Shirt - Small / Ocean,1,restocked
R6654,#E13408,2026-08-06,Men's T-shirt - Large / Purple,1,restocked
R6680,#E13617,2026-08-06,Men's T-shirt - Small / Red,1,restocked
R6686,#E13658,2026-08-06,Men's T-shirt - Medium / Green,1,restocked
R6691,#E13707,2026-08-06,Workout Shirt - Small / Green,1,restocked
R6703,#E13801,2026-08-06,Men's T-shirt - Large / Olive,1,restocked
R6718,#E13872,2026-08-06,Women's T-shirt - Medium / Green,1,restocked
R6721,#E13903,2026-08-06,Men's T-shirt - Large / Red,1,restocked
R6655,#E13423,2026-08-07,Canvas Sneakers - 6 / Red,1,restocked
R6678,#E13610,2026-08-07,Shorts - Large / Olive,1,restocked
R6692,#E13709,2026-08-07,Men's T-shirt - Large / Olive,1,restocked
R6702,#E13795,2026-08-07,Women's T-shirt - Medium / Olive,1,restocked
R6673,#E13574,2026-08-08,Canvas Sneakers - 8 / Green,1,restocked
R6675,#E13590,2026-08-08,Men's T-shirt - Medium / Green,1,restocked
R6687,#E13671,2026-08-08,Workout Shirt - Small / Ocean,1,restocked
R6697,#E13757,2026-08-08,Women's T-shirt - X-Large / Olive,1,restocked
R6710,#E13845,2026-08-08,Men's T-shirt - Medium / Olive,2,restocked
R6724,#E13935,2026-08-08,Workout Shirt - Large / Purple,1,restocked
R6672,#E13572,2026-08-09,Women's T-shirt - X-Large / Ocean,1,restocked
R6700,#E13788,2026-08-09,Men's T-shirt - X-Large / Ocean,1,restocked
R6711,#E13846,2026-08-09,Women's T-shirt - X-Large / Red,1,restocked
R6716,#E13865,2026-08-09,Shorts - Large / Red,1,restocked
R6728,#E13953,2026-08-09,Men's T-shirt - Small / Green,2,restocked
R6731,#E13967,2026-08-09,Shorts - Medium / Olive,2,restocked
R6668,#E13520,2026-08-10,Women's T-shirt - Medium / Purple,1,restocked
R6693,#E13711,2026-08-10,Men's T-shirt - Large / Red,1,restocked
R6695,#E13722,2026-08-10,Women's T-shirt - X-Large / Green,1,restocked
R6707,#E13824,2026-08-10,Men's T-shirt - Large / Green,1,restocked
R6727,#E13951,2026-08-10,Workout Shirt - Medium / Olive,1,restocked
R6733,#E13980,2026-08-10,Men's T-shirt - X-Large / Purple,1,restocked
R6684,#E13629,2026-08-11,Women's T-shirt - Large / Ocean,2,restocked
R6704,#E13803,2026-08-11,Women's T-shirt - Small / Ocean,1,restocked
R6722,#E13908,2026-08-11,Men's T-shirt - Small / Olive,2,restocked
R6735,#E14015,2026-08-11,Women's T-shirt - Large / Green,1,restocked
R6746,#E14078,2026-08-11,Canvas Sneakers - 7 / Red,1,restocked
R6674,#E13581,2026-08-12,Women's T-shirt - Medium / Purple,1,restocked
R6696,#E13726,2026-08-12,Leggings - Large / Ocean,1,restocked
R6715,#E13860,2026-08-12,Shorts - Medium / Green,1,restocked
R6685,#E13639,2026-08-13,Women's T-shirt - Large / Green,1,restocked
R6705,#E13808,2026-08-13,Leggings - Medium / Red,1,restocked
R6706,#E13810,2026-08-13,Women's T-shirt - Small / Ocean,1,restocked
R6739,#E14039,2026-08-13,Men's T-shirt - Small / Purple,1,restocked
R6742,#E14066,2026-08-13,Slides - Large,1,restocked
R6744,#E14072,2026-08-13,Women's T-shirt - Large / Ocean,1,restocked
R6759,#E14154,2026-08-13,Men's T-shirt - Large / Purple,1,restocked
R6690,#E13703,2026-08-14,Workout Shirt - Large / Olive,1,restocked
R6698,#E13762,2026-08-14,Women's T-shirt - Medium / Ocean,1,restocked
R6725,#E13940,2026-08-14,Men's T-shirt - Small / Green,1,restocked
R6757,#E14152,2026-08-14,Men's T-shirt - Large / Olive,1,restocked
R6762,#E14164,2026-08-14,Men's T-shirt - Small / Purple,1,restocked
R6763,#E14172,2026-08-14,Canvas Sneakers - 12 / Purple,1,restocked
R6768,#E14192,2026-08-14,Men's T-shirt - Medium / Green,1,restocked
R6719,#E13886,2026-08-15,Workout Shirt - Large / Green,1,restocked
R6723,#E13922,2026-08-15,Men's T-shirt - X-Large / Purple,1,restocked
R6766,#E14183,2026-08-15,Canvas Sneakers - 8 / Green,1,restocked
R6726,#E13948,2026-08-16,Women's T-shirt - Small / Olive,1,restocked
R6730,#E13960,2026-08-16,Men's T-shirt - Large / Purple,1,restocked
R6734,#E13999,2026-08-16,Men's T-shirt - Large / Purple,1,restocked
R6737,#E14027,2026-08-16,Men's T-shirt - Small / Green,1,restocked
R6720,#E13895,2026-08-17,Gray Leather Sneakers - 12,1,restocked
R6756,#E14151,2026-08-17,Men's T-shirt - X-Large / Purple,1,restocked
R6709,#E13842,2026-08-18,Canvas Sneakers - 7 / Ocean,1,restocked
R6714,#E13856,2026-08-18,White Leather Sneakers - 8,1,restocked
R6732,#E13979,2026-08-18,Women's T-shirt - X-Large / Olive,1,restocked
R6752,#E14126,2026-08-18,Men's T-shirt - Small / Ocean,2,restocked
R6771,#E14216,2026-08-18,Men's T-shirt - Large / Olive,1,restocked
R6772,#E14221,2026-08-18,Women's T-shirt - Large / Ocean,1,restocked
R6774,#E14230,2026-08-18,Men's T-shirt - Medium / Red,1,restocked
R6765,#E14176,2026-08-19,Shorts - Medium / Olive,2,restocked
R6770,#E14193,2026-08-19,Gray Runners - 5,1,restocked
R6981,#E20195,2026-08-19,Men's T-shirt - Medium / Green,1,restocked
R6729,#E13954,2026-08-20,Gray Runners - 13,1,restocked
R6738,#E14036,2026-08-20,Women's T-shirt - Medium / Ocean,1,restocked
R6747,#E14086,2026-08-20,Men's T-shirt - Small / Olive,1,restocked
R6784,#E14307,2026-08-20,Men's T-shirt - X-Large / Green,1,restocked
R6797,#E14378,2026-08-20,Canvas Sneakers - 9 / Purple,1,restocked
R6804,#E14405,2026-08-20,Men's T-shirt - X-Large / Red,1,restocked
R6741,#E14062,2026-08-21,Shorts - Small / Ocean,1,restocked
R6749,#E14096,2026-08-21,Men's T-shirt - X-Large / Green,1,restocked
R6761,#E14162,2026-08-21,Men's T-shirt - Large / Green,1,restocked
R6785,#E14313,2026-08-21,Leggings - Medium / Purple,2,restocked
R6800,#E14396,2026-08-21,Canvas Sneakers - 7 / Olive,1,restocked
R6815,#E14484,2026-08-21,Women's T-shirt - Medium / Purple,1,restocked
R6751,#E14111,2026-08-22,Women's T-shirt - Medium / Red,1,restocked
R6760,#E14155,2026-08-22,Women's T-shirt - Large / Purple,1,restocked
R6767,#E14186,2026-08-22,Men's T-shirt - Small / Purple,1,restocked
R6775,#E14244,2026-08-22,Shorts - Large / Purple,1,restocked
R6780,#E14303,2026-08-22,Men's T-shirt - Large / Green,1,restocked
R6781,#E14305,2026-08-22,Women's T-shirt - Small / Green,2,restocked
R6789,#E14322,2026-08-22,Gray Leather Sneakers - 8,1,restocked
R6736,#E14019,2026-08-23,Women's T-shirt - Medium / Green,1,restocked
R6754,#E14136,2026-08-23,Men's T-shirt - Small / Red,1,restocked
R6758,#E14152,2026-08-23,Women's T-shirt - Medium / Ocean,1,restocked
R6764,#E14173,2026-08-23,Men's T-shirt - X-Large / Ocean,1,restocked
R6769,#E14192,2026-08-23,Leggings - Small / Olive,1,restocked
R6773,#E14227,2026-08-23,Shorts - Large / Red,1,restocked
R6790,#E14324,2026-08-23,Canvas Sneakers - 4 / Red,1,restocked
R6798,#E14378,2026-08-23,Men's T-shirt - Medium / Red,1,restocked
R6811,#E14465,2026-08-23,Men's T-shirt - Large / Red,1,restocked
R6740,#E14058,2026-08-24,Clear Sunnies - Default Title,1,restocked
R6748,#E14096,2026-08-24,Women's T-shirt - Large / Green,1,restocked
R6750,#E14103,2026-08-24,Leggings - Medium / Red,1,restocked
R6777,#E14257,2026-08-24,Women's T-shirt - Large / Green,1,restocked
R6778,#E14271,2026-08-24,Men's T-shirt - Large / Olive,1,restocked
R6782,#E14305,2026-08-24,Men's T-shirt - Medium / Ocean,1,restocked
R6812,#E14468,2026-08-24,Women's T-shirt - Large / Red,1,restocked
R6743,#E14071,2026-08-25,Gray Runners - 6,1,restocked
R6745,#E14077,2026-08-25,Canvas Sneakers - 9 / Green,1,restocked
R6783,#E14305,2026-08-25,Canvas Sneakers - 11 / Olive,1,restocked
R6792,#E14332,2026-08-25,Canvas Sneakers - 7 / Purple,1,restocked
R6794,#E14345,2026-08-25,Women's T-shirt - Large / Green,1,restocked
R6802,#E14402,2026-08-25,Workout Shirt - Large / Purple,1,restocked
R6807,#E14427,2026-08-25,Shorts - Large / Ocean,1,restocked
R6818,#E14529,2026-08-25,Men's T-shirt - Small / Olive,1,restocked
R6827,#E14590,2026-08-25,Men's T-shirt - X-Large / Red,1,restocked
R6753,#E14132,2026-08-26,Gray Leather Sneakers - 4,1,restocked
R6755,#E14147,2026-08-26,High Top Sneakers - 9,1,restocked
R6803,#E14403,2026-08-26,Workout Shirt - Large / Olive,1,restocked
R6805,#E14408,2026-08-26,Women's T-shirt - Medium / Green,1,restocked
R6806,#E14414,2026-08-26,Men's T-shirt - Small / Olive,1,restocked
R6787,#E14316,2026-08-27,Men's T-shirt - Large / Ocean,1,restocked
R6788,#E14318,2026-08-27,High Top Sneakers - 10,1,restocked
R6799,#E14391,2026-08-27,Men's T-shirt - Small / Green,1,restocked
R6817,#E14527,2026-08-27,Canvas Sneakers - 11 / Purple,1,restocked
R6809,#E14443,2026-08-28,Women's T-shirt - Small / Green,1,restocked
R6826,#E14579,2026-08-28,Men's T-shirt - X-Large / Purple,1,restocked
R6832,#E14630,2026-08-28,Men's T-shirt - Medium / Purple,1,restocked
R6834,#E14642,2026-08-28,Canvas Sneakers - 11 / Green,1,restocked
R6848,#E14732,2026-08-28,Canvas Sneakers - 12 / Green,1,restocked
R6850,#E14743,2026-08-28,Men's T-shirt - X-Large / Green,1,restocked
R6851,#E14753,2026-08-28,Women's T-shirt - Large / Red,1,restocked
R6776,#E14247,2026-08-29,Canvas Sneakers - 10 / Purple,1,restocked
R6795,#E14349,2026-08-29,Men's T-shirt - X-Large / Green,1,restocked
R6822,#E14551,2026-08-29,Women's T-shirt - Small / Red,1,restocked
R6825,#E14577,2026-08-29,White Leather Sneakers - 4,1,restocked
R6853,#E14772,2026-08-29,Workout Shirt - Small / Purple,1,restocked
R6779,#E14283,2026-08-30,Women's T-shirt - Large / Red,1,restocked
R6791,#E14330,2026-08-30,Shorts - Medium / Olive,1,restocked
R6793,#E14339,2026-08-30,Workout Shirt - Medium / Olive,1,restocked
R6835,#E14652,2026-08-30,Gray Leather Sneakers - 11,1,restocked
R6839,#E14671,2026-08-30,Women's T-shirt - Large / Green,1,restocked
R6841,#E14685,2026-08-30,Shorts - Medium / Olive,1,restocked
R6820,#E14547,2026-08-31,Gray Leather Sneakers - 7,2,restocked
R6836,#E14658,2026-08-31,Men's T-shirt - Large / Red,1,restocked
R6838,#E14665,2026-08-31,Men's T-shirt - Small / Ocean,1,restocked
R6844,#E14706,2026-08-31,Shorts - Large / Ocean,2,restocked
R6847,#E14719,2026-08-31,Men's T-shirt - X-Large / Olive,1,restocked
R6849,#E14738,2026-08-31,Shorts - Large / Purple,1,restocked
R6786,#E14314,2026-09-01,Men's T-shirt - Small / Olive,1,restocked
R6796,#E14366,2026-09-01,Black Sunnies - Default Title,1,restocked
R6814,#E14478,2026-09-01,Women's T-shirt - X-Large / Ocean,1,restocked
R6823,#E14558,2026-09-01,Women's T-shirt - Medium / Ocean,2,restocked
R6831,#E14628,2026-09-01,Women's T-shirt - Medium / Ocean,1,restocked
R6845,#E14718,2026-09-01,Men's T-shirt - Small / Ocean,1,restocked
R6846,#E14718,2026-09-01,Men's T-shirt - Large / Ocean,1,restocked
R6863,#E14849,2026-09-01,Canvas Sneakers - 12 / Green,1,restocked
R6867,#E14870,2026-09-01,Shorts - Large / Ocean,2,restocked
R6801,#E14397,2026-09-02,Workout Shirt - Large / Purple,1,restocked
R6819,#E14537,2026-09-02,Men's T-shirt - X-Large / Olive,1,restocked
R6829,#E14610,2026-09-02,Men's T-shirt - Large / Purple,1,restocked
R6833,#E14642,2026-09-02,Men's T-shirt - Small / Purple,1,restocked
R6860,#E14835,2026-09-02,Men's T-shirt - X-Large / Ocean,1,restocked
R6870,#E14882,2026-09-02,Men's T-shirt - Medium / Ocean,1,restocked
R6808,#E14436,2026-09-03,Women's T-shirt - Medium / Olive,1,restocked
R6813,#E14469,2026-09-03,Women's T-shirt - Medium / Ocean,1,restocked
R6816,#E14515,2026-09-03,Canvas Sneakers - 4 / Green,1,restocked
R6821,#E14550,2026-09-03,Canvas Sneakers - 9 / Purple,2,restocked
R6866,#E14869,2026-09-03,Men's T-shirt - X-Large / Green,1,restocked
R6878,#E14931,2026-09-03,Men's T-shirt - Small / Ocean,1,restocked
R6810,#E14458,2026-09-04,Men's T-shirt - Large / Olive,1,restocked
R6824,#E14573,2026-09-04,Canvas Sneakers - 10 / Red,1,restocked
R6828,#E14592,2026-09-04,Canvas Sneakers - 6 / Olive,2,restocked
R6840,#E14683,2026-09-05,Women's T-shirt - Medium / Red,1,restocked
R6856,#E14794,2026-09-05,Canvas Sneakers - 10 / Ocean,1,restocked
R6871,#E14884,2026-09-05,Women's T-shirt - Large / Olive,2,restocked
R6879,#E14933,2026-09-05,Gray Runners - 7,1,restocked
R6842,#E14697,2026-09-06,Women's T-shirt - Medium / Olive,1,restocked
R6901,#E15075,2026-09-06,Men's T-shirt - Medium / Purple,1,restocked
R6830,#E14619,2026-09-07,Workout Shirt - Small / Red,1,restocked
R6857,#E14811,2026-09-07,Women's T-shirt - X-Large / Ocean,2,restocked
R6864,#E14855,2026-09-07,Men's T-shirt - Medium / Red,1,restocked
R6874,#E14917,2026-09-07,Women's T-shirt - Small / Olive,1,restocked
R6880,#E14942,2026-09-07,Shorts - Large / Ocean,2,restocked
R6855,#E14780,2026-09-08,Men's T-shirt - Large / Purple,1,restocked
R6881,#E14952,2026-09-08,Women's T-shirt - Medium / Red,1,restocked
R6837,#E14661,2026-09-09,Men's T-shirt - Large / Olive,1,restocked
R6843,#E14704,2026-09-09,Men's T-shirt - Small / Green,1,restocked
R6852,#E14757,2026-09-09,Men's T-shirt - Large / Purple,1,restocked
R6873,#E14916,2026-09-09,Women's T-shirt - Medium / Green,1,restocked
R6888,#E14998,2026-09-09,Women's T-shirt - Large / Ocean,1,restocked
R6891,#E15017,2026-09-09,Women's T-shirt - Small / Ocean,1,restocked
R6900,#E15054,2026-09-09,Women's T-shirt - X-Large / Green,1,restocked
R6912,#E15170,2026-09-09,Women's T-shirt - Small / Red,1,restocked
R6854,#E14775,2026-09-10,Women's T-shirt - Small / Ocean,1,restocked
R6875,#E14921,2026-09-10,Men's T-shirt - Small / Olive,1,restocked
R6890,#E15015,2026-09-10,Women's T-shirt - Medium / Olive,1,restocked
R6861,#E14836,2026-09-11,Leggings - Large / Green,1,restocked
R6865,#E14869,2026-09-11,Women's T-shirt - Medium / Red,1,restocked
R6868,#E14870,2026-09-11,Men's T-shirt - Large / Ocean,1,restocked
R6872,#E14907,2026-09-11,White Leather Sneakers - 7,1,restocked
R6876,#E14928,2026-09-11,Men's T-shirt - Large / Olive,1,restocked
R6882,#E14953,2026-09-11,Men's T-shirt - X-Large / Purple,1,restocked
R6885,#E14963,2026-09-11,Men's T-shirt - Small / Red,1,restocked
R6902,#E15087,2026-09-11,Men's T-shirt - X-Large / Ocean,1,restocked
R6904,#E15111,2026-09-11,Workout Shirt - Medium / Olive,2,restocked
R6906,#E15123,2026-09-11,High Top Sneakers - 10,1,restocked
R6913,#E15181,2026-09-11,Men's T-shirt - Medium / Red,1,restocked
R6915,#E15190,2026-09-11,Women's T-shirt - X-Large / Ocean,2,restocked
R6917,#E15200,2026-09-11,Women's T-shirt - X-Large / Red,2,restocked
R6920,#E15240,2026-09-11,Canvas Sneakers - 12 / Green,1,restocked
R6926,#E15268,2026-09-11,Men's T-shirt - Large / Purple,1,restocked
R6862,#E14842,2026-09-12,Men's T-shirt - Large / Red,1,restocked
R6884,#E14956,2026-09-12,Gray Runners - 10,1,restocked
R6893,#E15018,2026-09-12,Men's T-shirt - Medium / Olive,1,restocked
R6894,#E15023,2026-09-12,Women's T-shirt - Small / Red,1,restocked
R6919,#E15239,2026-09-12,Men's T-shirt - X-Large / Purple,1,restocked
R6929,#E15289,2026-09-12,Women's T-shirt - Small / Ocean,1,restocked
R6858,#E14812,2026-09-13,High Top Sneakers - 7,1,restocked
R6897,#E15038,2026-09-13,Gray Runners - 12,1,restocked
R6908,#E15129,2026-09-13,Leggings - Medium / Ocean,1,restocked
R6922,#E15246,2026-09-13,Men's T-shirt - X-Large / Red,1,restocked
R6859,#E14817,2026-09-14,Leggings - Large / Ocean,1,restocked
R6869,#E14877,2026-09-14,Canvas Sneakers - 8 / Red,1,restocked
R6883,#E14956,2026-09-14,Men's T-shirt - Small / Red,1,restocked
R6887,#E14995,2026-09-14,Men's T-shirt - X-Large / Olive,1,restocked
R6892,#E15018,2026-09-14,Men's T-shirt - Large / Olive,1,restocked
R6910,#E15141,2026-09-14,Women's T-shirt - Large / Olive,2,restocked
R6918,#E15233,2026-09-14,Canvas Sneakers - 10 / Ocean,1,restocked
R6924,#E15249,2026-09-14,Canvas Sneakers - 8 / Olive,1,restocked
R6903,#E15099,2026-09-15,Canvas Sneakers - 7 / Red,1,restocked
R6927,#E15269,2026-09-15,Men's T-shirt - Small / Purple,1,restocked
R6877,#E14930,2026-09-16,Canvas Sneakers - 12 / Olive,2,restocked
R6886,#E14966,2026-09-16,Women's T-shirt - Large / Green,1,restocked
R6895,#E15027,2026-09-16,Women's T-shirt - X-Large / Ocean,1,restocked
R6896,#E15034,2026-09-16,Gray Leather Sneakers - 5,1,restocked
R6898,#E15041,2026-09-16,Canvas Sneakers - 9 / Red,1,restocked
R6914,#E15183,2026-09-16,Men's T-shirt - X-Large / Purple,1,restocked
R6889,#E15004,2026-09-17,Shorts - Large / Olive,1,restocked
R6899,#E15043,2026-09-17,Men's T-shirt - Large / Purple,1,restocked
R6909,#E15134,2026-09-17,Men's T-shirt - X-Large / Green,1,restocked
R6938,#E15383,2026-09-17,Canvas Sneakers - 6 / Olive,1,restocked
R6905,#E15117,2026-09-18,Workout Shirt - Large / Olive,2,restocked
R6907,#E15125,2026-09-18,Canvas Sneakers - 7 / Green,1,restocked
R6916,#E15194,2026-09-18,Canvas Sneakers - 12 / Green,1,restocked
R6923,#E15247,2026-09-18,Leggings - Medium / Purple,2,restocked
R6928,#E15285,2026-09-18,Shorts - Small / Red,2,restocked
R6930,#E15290,2026-09-18,Light Puffer - Medium / Red,1,restocked
R6932,#E15332,2026-09-18,Gray Runners - 13,2,restocked
R6934,#E15344,2026-09-18,Women's T-shirt - Small / Green,2,restocked
R6940,#E15397,2026-09-18,Workout Shirt - Small / Green,1,restocked
R6952,#E15489,2026-09-18,Men's T-shirt - X-Large / Ocean,1,restocked
R6911,#E15157,2026-09-19,Women's T-shirt - Small / Green,1,restocked
R6921,#E15241,2026-09-19,Workout Shirt - Large / Ocean,1,restocked
R6931,#E15301,2026-09-19,Women's T-shirt - Large / Green,1,restocked
R6936,#E15370,2026-09-19,Men's T-shirt - Medium / Red,1,restocked
R6953,#E15491,2026-09-19,Men's T-shirt - Large / Green,1,restocked
R6954,#E15498,2026-09-19,Canvas Sneakers - 7 / Ocean,1,restocked
R6945,#E15434,2026-09-20,Canvas Sneakers - 9 / Ocean,1,restocked
R6958,#E15568,2026-09-20,Men's T-shirt - Large / Red,1,restocked
R6937,#E15370,2026-09-21,Men's T-shirt - Medium / Olive,1,restocked
R6955,#E15511,2026-09-21,Men's T-shirt - Large / Red,1,restocked
R6959,#E15572,2026-09-21,Men's T-shirt - Medium / Red,1,restocked
R6961,#E15590,2026-09-21,Women's T-shirt - Medium / Olive,1,restocked
R6933,#E15341,2026-09-22,Men's T-shirt - Medium / Ocean,2,restocked
R6942,#E15403,2026-09-22,Men's T-shirt - Medium / Olive,1,restocked
R6946,#E15437,2026-09-22,Canvas Sneakers - 6 / Red,1,restocked
R6949,#E15451,2026-09-22,Leggings - Medium / Red,1,restocked
R6950,#E15479,2026-09-22,Women's T-shirt - Large / Olive,1,restocked
R6965,#E15635,2026-09-22,Women's T-shirt - Large / Green,1,restocked
R6956,#E15549,2026-09-23,Canvas Sneakers - 11 / Purple,1,restocked
R6962,#E15612,2026-09-23,Men's T-shirt - Large / Ocean,2,restocked
R6947,#E15443,2026-09-24,Women's T-shirt - Medium / Green,1,restocked
R6964,#E15620,2026-09-24,Shorts - Large / Olive,1,restocked
R6966,#E15661,2026-09-24,Light Puffer - Medium / Purple,1,restocked
R6969,#E15695,2026-09-24,Men's T-shirt - Small / Ocean,1,restocked
R6925,#E15259,2026-09-25,Women's T-shirt - Medium / Green,1,restocked
R6935,#E15356,2026-09-25,Workout Shirt - Small / Olive,1,restocked
R6948,#E15444,2026-09-25,Slides - Medium,1,restocked
R6951,#E15480,2026-09-25,Men's T-shirt - Small / Green,1,restocked
R6970,#E15706,2026-09-25,Light Puffer - Small / Red,1,restocked
R6943,#E15426,2026-09-26,Men's T-shirt - Small / Olive,1,restocked
R6960,#E15588,2026-09-26,Women's T-shirt - Small / Olive,1,restocked
R6967,#E15671,2026-09-26,Women's T-shirt - Small / Olive,1,restocked
R6971,#E15721,2026-09-26,Shorts - Small / Olive,1,restocked
R6972,#E15733,2026-09-26,Men's T-shirt - Small / Green,1,restocked
R6939,#E15391,2026-09-27,Women's T-shirt - Medium / Ocean,1,restocked
R6941,#E15400,2026-09-27,Men's T-shirt - Medium / Olive,1,restocked
R6963,#E15613,2026-09-27,Women's T-shirt - Large / Purple,2,restocked
R6974,#E15743,2026-09-27,Men's T-shirt - Medium / Ocean,1,restocked
R6944,#E15430,2026-09-29,Men's T-shirt - Large / Purple,1,restocked
R6957,#E15550,2026-09-29,Women's T-shirt - Large / Olive,1,restocked
R6968,#E15677,2026-09-29,Canvas Sneakers - 11 / Purple,2,restocked
R6975,#E15750,2026-09-29,Canvas Sneakers - 9 / Olive,1,restocked
R6977,#E15834,2026-09-29,Canvas Sneakers - 11 / Red,1,restocked
R6978,#E15857,2026-09-29,White Leather Sneakers - 5,1,restocked
R6973,#E15741,2026-09-30,Leggings - Small / Purple,1,restocked
R6976,#E15820,2026-09-30,Men's T-shirt - X-Large / Red,1,restocked
R6979,#E15894,2026-09-30,Shorts - Medium / Red,1,restocked
